category,domain,reputation_score
1,01net.com,0.795
1,1news.co.nz,0.825
1,36kr.com,0.795
1,444.hu,0.825
1,90min.com,0.855
1,91mobiles.com,0.795
1,9to5google.com,0.855
1,9to5mac.com,0.925
1,aa.com.tr,0.905
1,abc.com.py,0.825
1,abc.es,0.825
1,abc.net.au,0.825
1,abcnews.go.com,0.825
1,addisstandard.com,0.825
1,adevarul.ro,0.825
1,admin.ch,0.955
1,adweek.com,0.775
1,aec.gov.au,0.955
1,afaqs.com,0.815
1,afl.com.au,0.925
1,afp.com,0.925
1,afr.com,0.795
1,africanews.com,0.865
1,aftenposten.no,0.825
1,agenciabrasil.ebc.com.br,0.825
1,agenda.ge,0.825
1,aiada.gov.in,0.955
1,aihw.gov.au,0.925
1,aljazeera.com,0.825
1,allafrica.com,0.865
1,amazon.com,0.925
1,ambito.com,0.845
1,amf-france.org,0.925
1,anadoluajansi.com,0.905
1,anandtech.com,0.925
1,androidauthority.com,0.925
1,androidpolice.com,0.925
1,animalpolitico.com,0.845
1,ansa.it,0.825
1,aph.gov.au,0.955
1,apnews.com,0.825
1,apple.com,0.925
1,aps.dz,0.825
1,ar.marca.com,0.845
1,arabianbusiness.com,0.825
1,arabnews.com,0.825
1,argentina.gob.ar,0.955
1,armenpress.am,0.825
1,arstechnica.com,0.795
1,arxiv.org,0.905
1,as.com,0.795
1,asahi.com,0.825
1,asc-csa.gc.ca,0.925
1,ascii.jp,0.795
1,asean.org,0.985
1,asia.nikkei.com,0.795
1,asianetnews.com,0.905
1,asic.gov.au,0.925
1,assemblee-nationale.fr,0.955
1,assembly.go.kr,0.955
1,astanatimes.com,0.825
1,astronomy.com,0.855
1,astronomy.org,0.855
1,atptour.com,0.925
1,australia.gov.au,0.955
1,avclub.com,0.825
1,axios.com,0.855
1,azertag.az,0.825
1,b92.net,0.825
1,bafin.de,0.925
1,bag.admin.ch,0.925
1,balkaninsight.com,0.845
1,bangkokpost.com,0.825
1,bankofcanada.ca,0.925
1,bankofengland.co.uk,0.925
1,bankrate.com,0.855
1,banque-france.fr,0.925
1,banxico.org.mx,0.925
1,barrons.com,0.925
1,barstoolsports.com,0.775
1,bbc.co.uk,0.865
1,bbc.com,0.825
1,bbc.com/sport,0.795
1,bcb.gov.br,0.925
1,bcci.tv,0.925
1,beebom.com,0.815
1,bernama.com,0.885
1,betakit.com,0.795
1,bfmbusiness.bfmtv.com,0.795
1,bild.de,0.825
1,billboard.com,0.825
1,biobiochile.cl,0.825
1,bis.gov.in,0.955
1,bleacherreport.com,0.795
1,bloomberg.com,0.795
1,bls.gov,0.985
1,bmj.com,0.905
1,bnnbloomberg.ca,0.795
1,bnr.bg,0.825
1,boj.or.jp,0.925
1,bok.or.kr,0.925
1,bollywoodhungama.com,0.795
1,boxofficepro.com,0.855
1,bundesbank.de,0.925
1,bundesgesundheitsministerium.de,0.925
1,bundesliga.com,0.925
1,bundesregierung.de,0.955
1,bundestag.de,0.955
1,bundeswahlleiterin.de,0.955
1,business-standard.com,0.795
1,businessinsider.com,0.925
1,businessline.global,0.875
1,businessline.in,0.875
1,businesslive.co.za,0.795
1,businesstimes.com.sg,0.795
1,businesstoday.in,0.815
1,businessweek.com,0.925
1,caixinglobal.com,0.795
1,camara.leg.br,0.955
1,campaignlive.co.uk,0.775
1,canada.ca,0.955
1,canadasoccer.com,0.925
1,caracoltv.com,0.845
1,cas.cn,0.925
1,cbc.ca,0.825
1,cbf.com.br,0.925
1,cbsnews.com,0.825
1,cbssports.com,0.795
1,cdc.gov,0.925
1,cdsco.gov.in,0.955
1,cell.com,0.905
1,census.gov,0.985
1,centralbank.ae,0.925
1,cern.ch,0.925
1,cgtn.com,0.825
1,channelnewsasia.com,0.825
1,chinadaily.com.cn,0.825
1,chinadailyhk.com,0.885
1,christianitytoday.com,0.855
1,citinewsroom.com,0.825
1,citizen.co.za,0.865
1,cityam.com,0.795
1,civil.ge,0.825
1,civilnet.am,0.825
1,clarin.com,0.825
1,clevelandclinic.org,0.875
1,clinicaltrials.gov,0.905
1,cma.org.sa,0.925
1,cnbc.com,0.795
1,cnbctv18.com,0.875
1,cnes.fr,0.925
1,cnet.com,0.795
1,cnn.com,0.825
1,cnrs.fr,0.925
1,cnsa.gov.cn,0.925
1,cochranelibrary.com,0.905
1,coindesk.com,0.855
1,cointelegraph.com,0.855
1,collider.com,0.825
1,computerweekly.com,0.795
1,computerworld.com,0.925
1,congress.gov,0.955
1,corriere.it,0.825
1,corrieredellosport.it,0.855
1,crhoy.com,0.825
1,cricbuzz.com,0.795
1,cricket.co.za,0.925
1,cricket.com,0.925
1,cricket.com.au,0.925
1,cricket365.com,0.855
1,cricketnext.com,0.855
1,crictracker.com,0.795
1,cronista.com,0.845
1,csir.res.in,0.955
1,csiro.au,0.925
1,csmonitor.com,0.855
1,csrc.gov.cn,0.925
1,ct24.ceskatelevize.cz,0.825
1,ctvnews.ca,0.825
1,daily-mail.co.zm,0.825
1,dailymaverick.co.za,0.825
1,dailymirror.lk,0.825
1,dailynews.co.tz,0.825
1,dailynews.gov.bw,0.865
1,dailynews.lk,0.825
1,dailysabah.com,0.825
1,dailytrust.com,0.865
1,darpa.mil,0.945
1,dawn.com,0.825
1,dbtindia.gov.in,0.955
1,deadline.com,0.795
1,deadspin.com,0.775
1,deccanherald.com,0.825
1,decrypt.co,0.855
1,deeutschewelle.de,0.955
1,defense.gov,0.985
1,derstandard.at,0.825
1,destandaard.be,0.825
1,dfb.de,0.925
1,dhakatribune.com,0.825
1,diepresse.com,0.825
1,digi24.ro,0.825
1,digiday.com,0.775
1,digit.in,0.795
1,digitaltrends.com,0.835
1,diputados.gob.mx,0.955
1,dlr.de,0.925
1,dn.se,0.825
1,dohanews.co,0.825
1,dr.dk,0.825
1,dst.gov.in,0.925
1,dw.com,0.825
1,earthsky.org,0.855
1,ecb.europa.eu,0.955
1,ecdc.europa.eu,0.935
1,eci.gov.in,0.955
1,economictimes.indiatimes.com,0.795
1,economist.com,0.955
1,eda.admin.ch,0.955
1,egyptindependent.com,0.825
1,ekathimerini.com,0.825
1,elcolombiano.com,0.845
1,elcomercio.com.br,0.845
1,elcomercio.pe,0.825
1,eld.gov.sg,0.955
1,elections.ca,0.955
1,elections.gov,0.985
1,elections.nz,0.955
1,elections.org.za,0.955
1,electoralcommission.org.uk,0.955
1,elespectador.com,0.825
1,elfinanciero.com.mx,0.795
1,elmundo.es,0.825
1,elpais.com,0.825
1,elpais.com.uy,0.825
1,eltiempo.com,0.825
1,eluniversal.com.mx,0.825
1,eluniverso.com,0.825
1,ema.europa.eu,0.935
1,emol.com,0.825
1,empireonline.com,0.795
1,en.yna.co.kr,0.825
1,energy.gov,0.875
1,eng.lsm.lv,0.825
1,engadget.com,0.795
1,english.ahram.org.eg,0.825
1,english.alarabiya.net,0.825
1,entrackr.com,0.875
1,entrepreneur.com,0.925
1,err.ee,0.825
1,ertnews.gr,0.825
1,esa.int,0.925
1,eso.org,0.925
1,espn.com,0.795
1,espn.com.br,0.795
1,espn.com.mx,0.795
1,espn.in,0.795
1,espncricinfo.com,0.795
1,essentiallysports.com,0.775
1,estadao.com.br,0.825
1,etnews.com,0.795
1,etonline.com,0.825
1,euobserver.com,0.845
1,euractiv.com,0.845
1,eurekalert.org,0.855
1,euronews.com,0.825
1,europa.eu,0.985
1,europarl.europa.eu,0.985
1,eurosport.com,0.795
1,everydayhealth.com,0.855
1,ew.com,0.795
1,excelsior.com.mx,0.825
1,exchange4media.com,0.875
1,expansion.mx,0.795
1,facebook.com,0.205
1,factcheck.org,0.925
1,fansided.com,0.775
1,fastcompany.com,0.925
1,faz.net,0.825
1,fca.org.uk,0.925
1,fda.gov,0.925
1,fec.gov,0.955
1,federalreserve.gov,0.925
1,fff.fr,0.925
1,fide.com,0.955
1,fifa.com,0.925
1,fijisun.com.fj,0.825
1,fijitimes.com.fj,0.825
1,filmcompanion.in,0.795
1,financialchronicle.com,0.875
1,financialexpress.com,0.875
1,financialpost.com,0.795
1,finews.com,0.795
1,finma.ch,0.925
1,finmin.gov.in,0.925
1,finra.org,0.955
1,firstpost.com,0.795
1,firstsportz.com,0.795
1,fmf.mx,0.925
1,focustaiwan.tw,0.825
1,folha.uol.com.br,0.825
1,fool.com,0.925
1,football365.com,0.855
1,footballaustralia.com.au,0.925
1,forbes.com,0.795
1,foreignaffairs.com,0.855
1,foreignpolicy.com,0.855
1,formula1.com,0.925
1,fortune.com,0.795
1,fortuneindia.com,0.815
1,fourfourtwo.com,0.855
1,foxnews.com,0.825
1,foxsports.com,0.925
1,foxsports.com.au,0.795
1,france24.com,0.825
1,fsa.go.jp,0.925
1,fsc.go.kr,0.925
1,fsca.co.za,0.925
1,ft.com,0.825
1,fullfact.org,0.925
1,futurism.com,0.855
1,fxstreet.com,0.855
1,g1.globo.com,0.825
1,gadgets360.com,0.795
1,gavi.org,0.925
1,gazeta.uz,0.825
1,gazzetta.it,0.795
1,ge.globo.com,0.795
1,geo.tv,0.825
1,gestion.pe,0.845
1,ghanaweb.com,0.865
1,gizmodo.com,0.795
1,globalaffairs.ca,0.955
1,globalnews.ca,0.825
1,globaltimes.cn,0.825
1,globeandmail.com,0.955
1,gmanetwork.com,0.825
1,goal.com,0.855
1,gob.cl,0.955
1,gob.ec,0.955
1,gob.mx,0.955
1,gob.mx/cnbv,0.925
1,gob.mx/salud,0.925
1,gob.pe,0.955
1,golem.de,0.795
1,google.com,0.925
1,gouvernement.fr,0.955
1,gov.au,0.955
1,gov.br,0.955
1,gov.br/cvm,0.925
1,gov.br/saude,0.925
1,gov.cn,0.955
1,gov.co,0.955
1,gov.gh,0.955
1,gov.in,0.985
1,gov.ke,0.955
1,gov.ng,0.955
1,gov.sa,0.955
1,gov.sg,0.955
1,gov.uk,0.955
1,gov.za,0.955
1,govt.nz,0.955
1,graphic.com.gh,0.825
1,gsmarena.com,0.925
1,guardian.co.tt,0.825
1,guardian.ng,0.825
1,gulf-times.com,0.825
1,gulfbusiness.com,0.795
1,gulfnews.com,0.825
1,haaretz.com,0.825
1,handelsblatt.com,0.795
1,harvard.edu,0.875
1,hbr.org,0.925
1,health.com,0.855
1,health.gov.au,0.925
1,health.gov.za,0.925
1,health.govt.nz,0.925
1,healthline.com,0.795
1,heise.de,0.795
1,herald.co.zw,0.825
1,hindustantimes.com,0.825
1,hockeycanada.ca,0.925
1,hockeyindia.org,0.925
1,hollywood.com,0.855
1,hollywoodreporter.com,0.795
1,hongkongfp.com,0.825
1,hopkinsmedicine.org,0.875
1,hotnews.ro,0.825
1,house.gov,0.955
1,howtogeek.com,0.925
1,hrt.hr,0.825
1,hs.fi,0.825
1,hurriyetdailynews.com,0.825
1,iaea.org,0.925
1,icar.gov.in,0.955
1,icc-cricket.com,0.925
1,icelandreview.com,0.825
1,icmr.gov.in,0.925
1,idnes.cz,0.825
1,ieee.org,0.925
1,imdb.com,0.825
1,imf.org,0.955
1,inc.com,0.925
1,inc42.com,0.875
1,incometax.gov.in,0.955
1,independent.co.uk,0.825
1,independent.ie,0.825
1,index.hu,0.825
1,india.gov.in,0.955
1,indiacode.nic.in,0.985
1,indianexpress.com,0.825
1,indiaretailing.com,0.815
1,indiatoday.in,0.825
1,indiewire.com,0.825
1,indycar.com,0.855
1,ine.mx,0.955
1,infobae.com,0.845
1,infomoney.com.br,0.795
1,inform.kz,0.825
1,innovationaus.com,0.795
1,inquirer.net,0.825
1,insidesport.in,0.795
1,instagram.com,0.225
1,intellinews.com,0.845
1,interest.co.nz,0.795
1,investopedia.com,0.925
1,iol.co.za,0.825
1,iranintl.com,0.905
1,ird.gov.in,0.955
1,irishexaminer.com,0.865
1,irishtimes.com,0.825
1,irna.ir,0.905
1,isro.gov.in,0.925
1,itmedia.co.jp,0.795
1,itnews.com.au,0.795
1,jakartaglobe.id,0.885
1,jakartapost.com,0.885
1,jamaica-gleaner.com,0.825
1,jamaicaobserver.com,0.825
1,japan.go.jp,0.955
1,japantimes.co.jp,0.825
1,japantoday.com,0.955
1,jaxa.jp,0.925
1,jfa.jp,0.925
1,jordantimes.com,0.825
1,jornada.com.mx,0.845
1,jpl.nasa.gov,0.945
1,jpost.com,0.825
1,justice.gov,0.985
1,jutarnji.hr,0.825
1,kari.re.kr,0.925
1,kathmandupost.com,0.825
1,kdca.go.kr,0.925
1,kedglobal.com,0.795
1,khaleejtimes.com,0.825
1,khan.co.kr,0.955
1,khelnow.com,0.795
1,kicker.de,0.795
1,kiplinger.com,0.855
1,kompas.com,0.825
1,korea.net,0.955
1,koreaherald.com,0.825
1,koreajoongangdaily.joins.com,0.795
1,koreatimes.co.kr,0.825
1,kr-asia.com,0.795
1,kun.uz,0.825
1,kyivindependent.com,0.825
1,kyivpost.com,0.845
1,kyodonews.net,0.825
1,l'equipe.fr,0.855
1,laliga.com,0.925
1,lanacion.com.ar,0.825
1,laptopmag.com,0.835
1,larepublica.co,0.845
1,larepublica.pe,0.825
1,lastampa.it,0.825
1,latercera.com,0.825
1,lavanguardia.com,0.825
1,lefigaro.fr,0.825
1,lematin.ma,0.825
1,lemonde.fr,0.825
1,lequipe.fr,0.795
1,lesechos.fr,0.825
1,lesoir.be,0.825
1,lexpress.mu,0.825
1,lg.com,0.925
1,liberation.fr,0.825
1,ligue1.com,0.925
1,livemint.com,0.795
1,livescience.com,0.795
1,loc.gov,0.985
1,local10.com,0.855
1,lostiempos.com,0.825
1,lrt.lt,0.825
1,lusakatimes.com,0.825
1,macrumors.com,0.925
1,main.sci.gov.in,0.955
1,mainichi.jp,0.825
1,malaymail.com,0.825
1,manager-magazin.de,0.795
1,manilatimes.net,0.885
1,manoramaonline.com,0.905
1,marca.com,0.795
1,marketscreener.com,0.855
1,marketwatch.com,0.795
1,mas.gov.sg,0.925
1,mashable.com,0.835
1,mathrubhumi.com,0.905
1,mayoclinic.org,0.875
1,mca.gov.in,0.955
1,mea.gov.in,0.955
1,medianama.com,0.875
1,medicalnewstoday.com,0.795
1,medicalxpress.com,0.795
1,medium.com,0.205
1,meity.gov.in,0.925
1,meta.com,0.925
1,metacritic.com,0.825
1,metoffice.gov.uk,0.925
1,mexico.gob.mx,0.955
1,mfa.gov.cn,0.955
1,mg.co.za,0.825
1,mhlw.go.jp,0.925
1,microsoft.com,0.925
1,middleeasteye.net,0.885
1,middleeastmonitor.com,0.885
1,milenio.com,0.825
1,mit.edu,0.875
1,mk.co.kr,0.795
1,mlb.com,0.925
1,mlssoccer.com,0.925
1,mobilesyrup.com,0.795
1,mofa.go.jp,0.955
1,mofa.gov.ae,0.955
1,mofa.gov.sa,0.955
1,moh.gov.sa,0.925
1,moh.gov.sg,0.925
1,mohap.gov.ae,0.925
1,mohfw.gov.in,0.925
1,money9.com,0.875
1,moneycontrol.com,0.795
1,moneyweb.co.za,0.795
1,monitor.co.ug,0.825
1,montevideo.com.uy,0.825
1,montsame.mn,0.825
1,morningstar.com,0.925
1,moroccoworldnews.com,0.825
1,motherjones.com,0.855
1,mothership.sg,0.795
1,motogp.com,0.925
1,mpg.de,0.925
1,mundodeportivo.com,0.855
1,musicbusinessworldwide.com,0.855
1,mygov.in,0.985
1,myjoyonline.com,0.865
1,mykhel.com,0.795
1,n-tv.de,0.865
1,nacion.com,0.825
1,nasa.gov,0.925
1,nasaspaceflight.com,0.855
1,nascar.com,0.855
1,nasdaq.com,0.855
1,nation.africa,0.825
1,nationalgeographic.com,0.925
1,nationalpost.com,0.825
1,nationalreview.com,0.855
1,nationthailand.com,0.885
1,nato.int,0.985
1,nature.com,0.795
1,natureasia.com,0.855
1,nba.com,0.925
1,nbcnews.com,0.825
1,nbcsports.com,0.925
1,ncaa.org,0.925
1,ncbi.nlm.nih.gov,0.905
1,ndtv.com,0.825
1,nejm.org,0.905
1,nerdwallet.com,0.855
1,newatlas.com,0.875
1,newindianexpress.com,0.905
1,newrepublic.com,0.855
1,news.abs-cbn.com,0.825
1,news.com.au,0.825
1,news.sky.com,0.825
1,news18.com,0.825
1,news24.com,0.825
1,newschannel5.com,0.855
1,newscientist.com,0.795
1,newsday.co.zw,0.825
1,newsfirst.lk,0.825
1,newshub.co.nz,0.825
1,newvision.co.ug,0.825
1,newyorker.com,0.855
1,nfl.com,0.925
1,nhc.gov.cn,0.925
1,nhk.or.jp,0.825
1,nhl.com,0.925
1,nhs.uk,0.925
1,nice.org.uk,0.935
1,nih.gov,0.925
1,nikkei.com,0.925
1,nist.gov,0.945
1,nme.com,0.795
1,noaa.gov,0.925
1,nos.nl,0.825
1,notebookcheck.net,0.835
1,novinite.com,0.825
1,npc.gov.cn,0.955
1,npr.org,0.825
1,nrc.canada.ca,0.925
1,nrc.nl,0.825
1,nrk.no,0.825
1,nsf.gov,0.925
1,nst.com.my,0.825
1,numerama.com,0.795
1,nyse.com,0.855
1,nytimes.com,0.825
1,nzc.nz,0.925
1,nzherald.co.nz,0.825
1,nzrugby.co.nz,0.925
1,observador.pt,0.825
1,oecd.org,0.985
1,oglobo.globo.com,0.825
1,ole.com.ar,0.795
1,olympic.ind.in,0.955
1,olympics.com,0.925
1,olympics.org,0.925
1,onmanorama.com,0.905
1,orf.at,0.825
1,ourcommons.ca,0.955
1,outlookbusiness.com,0.815
1,outlookindia.com,0.905
1,pagina12.com.ar,0.825
1,paginasiete.bo,0.825
1,pajhwok.com,0.825
1,parliament.gov.sg,0.955
1,parliament.gov.za,0.955
1,parliament.nz,0.955
1,parliament.uk,0.955
1,pbc.gov.cn,0.925
1,pbs.org,0.955
1,pcmag.com,0.925
1,pcworld.com,0.925
1,people.cn,0.885
1,people.com,0.825
1,perfil.com,0.845
1,peru21.pe,0.845
1,pfrda.org.in,0.955
1,pgatour.com,0.925
1,philstar.com,0.885
1,phys.org,0.875
1,pib.gov.in,0.985
1,pinkvilla.com,0.795
1,pitchfork.com,0.825
1,pm.gc.ca,0.985
1,pnas.org,0.905
1,politico.com,0.955
1,politico.eu,0.955
1,politifact.com,0.925
1,politiken.dk,0.825
1,popsci.com,0.795
1,popularmechanics.com,0.855
1,popularscience.com,0.855
1,postcourier.com.pg,0.825
1,pravda.com.ua,0.825
1,premierleague.com,0.925
1,premiumtimesng.com,0.825
1,prensa.com,0.825
1,presstv.ir,0.905
1,primicias.ec,0.825
1,proceso.com,0.845
1,proceso.com.mx,0.825
1,propublica.org,0.855
1,prothomalo.com,0.825
1,protocol.com,0.835
1,publico.pt,0.825
1,pubmed.ncbi.nlm.nih.gov,0.905
1,punchng.com,0.825
1,quantamagazine.org,0.855
1,quora.com,0.205
1,radiotimes.com,0.795
1,rappler.com,0.825
1,rba.gov.au,0.925
1,rbi.org.in,0.925
1,rbnz.govt.nz,0.925
1,rcnradio.com,0.845
1,reason.com,0.855
1,record.com.mx,0.795
1,reddit.com,0.205
1,reforma.com,0.825
1,repubblica.it,0.825
1,republicworld.com,0.905
1,resbank.co.za,0.925
1,reuters.com,0.825
1,rfi.fr,0.955
1,ria.ru,0.825
1,riken.jp,0.925
1,rki.de,0.925
1,rmcsport.bfmtv.com,0.795
1,rnz.co.nz,0.825
1,rollingstone.com,0.825
1,rottentomatoes.com,0.825
1,rsi.ch,0.865
1,rtbf.be,0.865
1,rte.ie,0.825
1,rthk.hk,0.825
1,rtl.de,0.865
1,rtp.pt,0.825
1,rts.ch,0.865
1,rts.rs,0.825
1,rtve.es,0.825
1,rtvslo.si,0.825
1,rugbyworld.com,0.855
1,ruv.is,0.825
1,safa.net,0.925
1,saff.com.sa,0.925
1,saharareporters.com,0.865
1,sais.gov.in,0.955
1,salon.com,0.855
1,sama.gov.sa,0.925
1,sammobile.com,0.855
1,sammyfans.com,0.855
1,samsung.com,0.925
1,sansad.in,0.955
1,sante.gouv.fr,0.925
1,santepubliquefrance.fr,0.925
1,saudigazette.com.sa,0.825
1,sbs.com.au,0.825
1,science.org,0.795
1,sciencealert.com,0.855
1,sciencedaily.com,0.855
1,sciencemag.org,0.875
1,sciencenews.org,0.855
1,scientificamerican.com,0.795
1,scmp.com,0.825
1,screenrant.com,0.825
1,scroll.in,0.825
1,sebi.gov.in,0.925
1,sec.gov,0.925
1,securities-administrators.ca,0.925
1,seekingalpha.com,0.925
1,semana.com,0.845
1,semfor.com,0.855
1,senado.leg.br,0.955
1,senat.fr,0.955
1,senate.gov,0.955
1,seriea.com,0.925
1,seznamzpravy.cz,0.825
1,shugiin.go.jp,0.955
1,si.com,0.795
1,siliconangle.com,0.835
1,skyandtelescope.org,0.875
1,skynews.com,0.955
1,skysports.com,0.795
1,slate.com,0.855
1,smh.com.au,0.825
1,smithsonianmag.com,0.925
1,snb.ch,0.925
1,snoc.org.sg,0.925
1,snopes.com,0.925
1,socialstyrelsen.se,0.935
1,sowetanlive.co.za,0.825
1,space.com,0.795
1,space.gov.au,0.925
1,spaceflightnow.com,0.875
1,spacenews.com,0.925
1,spectator.sme.sk,0.825
1,spectrum.ieee.org,0.925
1,spiegel.de,0.825
1,sport.gov.in,0.955
1,sport1.de,0.795
1,sport24.co.za,0.795
1,sportingnews.com,0.925
1,sports.ndtv.com,0.855
1,sports.yahoo.com,0.925
1,sportsillustrated.com,0.925
1,sportskeeda.com,0.775
1,sportsmintmedia.com,0.795
1,sportsnet.ca,0.795
1,sportsstar.thehindu.com,0.855
1,sportstar.thehindu.com,0.795
1,sr.se,0.865
1,sta.si,0.825
1,standardmedia.co.ke,0.825
1,stanford.edu,0.875
1,state.gov,0.955
1,statnews.com,0.795
1,straitstimes.com,0.825
1,stuff.co.nz,0.825
1,substack.com,0.205
1,sueddeutsche.de,0.825
1,sumo.or.jp,0.925
1,sundaymail.co.zw,0.865
1,sundhed.dk,0.935
1,supersport.com,0.795
1,supremecourt.gov,0.985
1,supremecourt.gov.in,0.985
1,sverigesradio.se,0.825
1,svt.se,0.825
1,swarajyamag.com,0.905
1,swissinfo.ch,0.825
1,tagesschau.de,0.865
1,taipeitimes.com,0.825
1,taiwannews.com.tw,0.825
1,talksport.com,0.855
1,tap.info.tn,0.825
1,tasnimnews.com,0.905
1,tass.com,0.825
1,techcircle.in,0.875
1,techcrunch.com,0.795
1,techinasia.com,0.795
1,techmeme.com,0.835
1,technologyreview.com,0.925
1,techradar.com,0.795
1,techspot.com,0.855
1,telegraaf.nl,0.825
1,telegraph.co.uk,0.825
1,telegraphindia.com,0.825
1,telex.hu,0.825
1,tempo.co,0.825
1,thaipbsworld.com,0.825
1,the-aiff.com,0.925
1,the-star.co.ke,0.825
1,theage.com.au,0.825
1,theathletic.com,0.795
1,theatlantic.com,0.855
1,theaustralian.com.au,0.825
1,theblock.co,0.855
1,thebridge.in,0.795
1,thebusinessdesk.co.nz,0.795
1,thecfa.cn,0.925
1,thecitizen.co.tz,0.825
1,theconversation.com,0.855
1,thedailystar.net,0.825
1,thedrum.com,0.775
1,theeastafrican.co.ke,0.865
1,thefa.com,0.925
1,theglobeandmail.com,0.825
1,theguardian.com,0.825
1,thehill.com,0.855
1,thehimalayantimes.com,0.825
1,thehindu.com,0.825
1,thejakartapost.com,0.825
1,thelancet.com,0.905
1,thelocal.ch,0.825
1,themoscowtimes.com,0.825
1,thenational.com.pg,0.825
1,thenationalnews.com,0.825
1,thenews.com.pk,0.825
1,thenextweb.com,0.835
1,theprint.in,0.825
1,thequint.com,0.905
1,theregister.com,0.795
1,thereporterethiopia.com,0.825
1,theroar.com.au,0.795
1,thestar.com,0.825
1,thestar.com.my,0.825
1,thestreet.com,0.925
1,thetimes.com,0.825
1,theverge.com,0.795
1,thewrap.com,0.855
1,thisdaylive.com,0.865
1,thisismoney.co.uk,0.795
1,tiktok.com,0.225
1,timeslive.co.za,0.825
1,timesnownews.com,0.905
1,timesofindia.indiatimes.com,0.825
1,timesofisrael.com,0.825
1,tmz.com,0.825
1,today.lorientlejour.com,0.825
1,todayonline.com,0.825
1,tolonews.com,0.825
1,tomsguide.com,0.835
1,tomshardware.com,0.925
1,tradingview.com,0.855
1,trai.gov.in,0.925
1,treasury.gov,0.925
1,tribune.com.pk,0.825
1,tribuneindia.com,0.905
1,trtworld.com,0.825
1,trustedreviews.com,0.925
1,tse.jus.br,0.955
1,tsn.ca,0.795
1,tubefilter.com,0.775
1,tv2.dk,0.825
1,tvn-2.com,0.825
1,tvn24.pl,0.825
1,tvp.info,0.825
1,tycsports.com,0.855
1,u.ae,0.955
1,uaefa.ae,0.925
1,uefa.com,0.925
1,ukhsa.gov.uk,0.925
1,ukri.org,0.925
1,ukrinform.net,0.825
1,ultimahora.com,0.825
1,un.org,0.955
1,unesco.org,0.955
1,unicef.org,0.955
1,uproxx.com,0.775
1,usa.gov,0.985
1,usatoday.com,0.825
1,usgs.gov,0.875
1,usnews.com,0.855
1,usopc.org,0.955
1,ussoccer.com,0.925
1,valor.globo.com,0.795
1,vanguardngr.com,0.825
1,variety.com,0.795
1,vccircle.com,0.875
1,venturebeat.com,0.835
1,verywellhealth.com,0.855
1,vg.no,0.825
1,vietnamnews.vn,0.825
1,vietnamplus.vn,0.885
1,vnexpress.net,0.825
1,volkskrant.nl,0.825
1,vox.com,0.855
1,vrt.be,0.825
1,vulture.com,0.825
1,washingtonexaminer.com,0.855
1,washingtonpost.com,0.825
1,washingtontimes.com,0.855
1,webmd.com,0.855
1,whitehouse.gov,0.955
1,who.int,0.955
1,wimbledon.com,0.925
1,windowscentral.com,0.855
1,wired.co.uk,0.795
1,wired.com,0.795
1,wisden.com,0.855
1,wnba.com,0.925
1,world.kbs.co.kr,0.825
1,world.rugby,0.855
1,worldaquatics.com,0.955
1,worldathletics.org,0.925
1,worldbank.org,0.955
1,wrc.com,0.855
1,wsj.com,0.825
1,wtatennis.com,0.925
1,wto.org,0.955
1,wyborcza.pl,0.825
1,x.com,0.205
1,xda-developers.com,0.855
1,xinhua.net,0.885
1,xinhuanet.com,0.825
1,yahoo.com,0.925
1,yle.fi,0.825
1,ynetnews.com,0.825
1,yomiuri.co.jp,0.825
1,yourstory.com,0.875
1,youtube.com,0.225
1,zawya.com,0.795
1,zdnet.co.kr,0.795
1,zdnet.com,0.795
1,zeebiz.com,0.875
1,zeenews.india.com,0.905
1,zeit.de,0.825
2,01net.com,0.79
2,1news.co.nz,0.79
2,36kr.com,0.79
2,444.hu,0.79
2,90min.com,0.88
2,91mobiles.com,0.79
2,9to5google.com,0.85
2,9to5mac.com,0.92
2,aa.com.tr,0.87
2,abc.com.py,0.79
2,abc.es,0.79
2,abc.net.au,0.79
2,abcnews.go.com,0.79
2,addisstandard.com,0.79
2,adevarul.ro,0.79
2,admin.ch,0.92
2,adweek.com,0.77
2,aec.gov.au,0.92
2,afaqs.com,0.81
2,afl.com.au,0.95
2,afp.com,0.89
2,afr.com,0.79
2,africanews.com,0.83
2,aftenposten.no,0.79
2,agenciabrasil.ebc.com.br,0.79
2,agenda.ge,0.79
2,aiada.gov.in,0.98
2,aihw.gov.au,0.92
2,aljazeera.com,0.79
2,allafrica.com,0.83
2,amazon.com,0.92
2,ambito.com,0.81
2,amf-france.org,0.92
2,anadoluajansi.com,0.87
2,anandtech.com,0.92
2,androidauthority.com,0.92
2,androidpolice.com,0.92
2,animalpolitico.com,0.81
2,ansa.it,0.79
2,aph.gov.au,0.92
2,apnews.com,0.79
2,apple.com,0.92
2,aps.dz,0.79
2,ar.marca.com,0.81
2,arabianbusiness.com,0.79
2,arabnews.com,0.82
2,argentina.gob.ar,0.92
2,armenpress.am,0.79
2,arstechnica.com,0.79
2,arxiv.org,0.9
2,as.com,0.82
2,asahi.com,0.79
2,asc-csa.gc.ca,0.92
2,ascii.jp,0.79
2,asean.org,0.95
2,asia.nikkei.com,0.79
2,asianetnews.com,0.87
2,asic.gov.au,0.92
2,assemblee-nationale.fr,0.92
2,assembly.go.kr,0.92
2,astanatimes.com,0.79
2,astronomy.com,0.85
2,astronomy.org,0.85
2,atptour.com,0.95
2,australia.gov.au,0.92
2,avclub.com,0.82
2,axios.com,0.82
2,azertag.az,0.79
2,b92.net,0.79
2,bafin.de,0.92
2,bag.admin.ch,0.92
2,balkaninsight.com,0.81
2,bangkokpost.com,0.79
2,bankofcanada.ca,0.92
2,bankofengland.co.uk,0.92
2,bankrate.com,0.85
2,banque-france.fr,0.92
2,banxico.org.mx,0.92
2,barrons.com,0.92
2,barstoolsports.com,0.8
2,bbc.co.uk,0.83
2,bbc.com,0.79
2,bbc.com/sport,0.82
2,bcb.gov.br,0.92
2,bcci.tv,0.95
2,beebom.com,0.81
2,bernama.com,0.85
2,betakit.com,0.79
2,bfmbusiness.bfmtv.com,0.79
2,bild.de,0.79
2,billboard.com,0.82
2,biobiochile.cl,0.79
2,bis.gov.in,0.95
2,bleacherreport.com,0.82
2,bloomberg.com,0.79
2,bls.gov,0.95
2,bmj.com,0.9
2,bnnbloomberg.ca,0.79
2,bnr.bg,0.79
2,boj.or.jp,0.92
2,bok.or.kr,0.92
2,bollywoodhungama.com,0.79
2,boxofficepro.com,0.85
2,bundesbank.de,0.92
2,bundesgesundheitsministerium.de,0.92
2,bundesliga.com,0.95
2,bundesregierung.de,0.92
2,bundestag.de,0.92
2,bundeswahlleiterin.de,0.92
2,business-standard.com,0.79
2,businessinsider.com,0.92
2,businessline.global,0.87
2,businessline.in,0.87
2,businesslive.co.za,0.79
2,businesstimes.com.sg,0.79
2,businesstoday.in,0.81
2,businessweek.com,0.92
2,caixinglobal.com,0.79
2,camara.leg.br,0.92
2,campaignlive.co.uk,0.77
2,canada.ca,0.92
2,canadasoccer.com,0.95
2,caracoltv.com,0.81
2,cas.cn,0.92
2,cbc.ca,0.79
2,cbf.com.br,0.95
2,cbsnews.com,0.79
2,cbssports.com,0.82
2,cdc.gov,0.92
2,cdsco.gov.in,0.95
2,cell.com,0.9
2,census.gov,0.95
2,centralbank.ae,0.92
2,cern.ch,0.92
2,cgtn.com,0.82
2,channelnewsasia.com,0.82
2,chinadaily.com.cn,0.82
2,chinadailyhk.com,0.85
2,christianitytoday.com,0.82
2,citinewsroom.com,0.79
2,citizen.co.za,0.83
2,cityam.com,0.79
2,civil.ge,0.79
2,civilnet.am,0.79
2,clarin.com,0.79
2,clevelandclinic.org,0.87
2,clinicaltrials.gov,0.9
2,cma.org.sa,0.92
2,cnbc.com,0.79
2,cnbctv18.com,0.87
2,cnes.fr,0.92
2,cnet.com,0.79
2,cnn.com,0.79
2,cnrs.fr,0.92
2,cnsa.gov.cn,0.92
2,cochranelibrary.com,0.9
2,coindesk.com,0.85
2,cointelegraph.com,0.85
2,collider.com,0.82
2,computerweekly.com,0.79
2,computerworld.com,0.92
2,congress.gov,0.92
2,corriere.it,0.79
2,corrieredellosport.it,0.88
2,crhoy.com,0.79
2,cricbuzz.com,0.82
2,cricket.co.za,0.95
2,cricket.com,0.95
2,cricket.com.au,0.95
2,cricket365.com,0.88
2,cricketnext.com,0.88
2,crictracker.com,0.82
2,cronista.com,0.81
2,csir.res.in,0.95
2,csiro.au,0.92
2,csmonitor.com,0.82
2,csrc.gov.cn,0.92
2,ct24.ceskatelevize.cz,0.79
2,ctvnews.ca,0.79
2,daily-mail.co.zm,0.79
2,dailymaverick.co.za,0.79
2,dailymirror.lk,0.79
2,dailynews.co.tz,0.79
2,dailynews.gov.bw,0.83
2,dailynews.lk,0.79
2,dailysabah.com,0.79
2,dailytrust.com,0.83
2,darpa.mil,0.94
2,dawn.com,0.79
2,dbtindia.gov.in,0.95
2,deadline.com,0.79
2,deadspin.com,0.8
2,deccanherald.com,0.79
2,decrypt.co,0.85
2,deeutschewelle.de,0.92
2,defense.gov,0.95
2,derstandard.at,0.79
2,destandaard.be,0.79
2,dfb.de,0.95
2,dhakatribune.com,0.79
2,diepresse.com,0.79
2,digi24.ro,0.79
2,digiday.com,0.77
2,digit.in,0.79
2,digitaltrends.com,0.83
2,diputados.gob.mx,0.92
2,dlr.de,0.92
2,dn.se,0.79
2,dohanews.co,0.79
2,dr.dk,0.79
2,dst.gov.in,0.92
2,dw.com,0.79
2,earthsky.org,0.85
2,ecb.europa.eu,0.95
2,ecdc.europa.eu,0.93
2,eci.gov.in,0.92
2,economictimes.indiatimes.com,0.79
2,economist.com,0.92
2,eda.admin.ch,0.92
2,egyptindependent.com,0.79
2,ekathimerini.com,0.79
2,elcolombiano.com,0.81
2,elcomercio.com.br,0.81
2,elcomercio.pe,0.79
2,eld.gov.sg,0.92
2,elections.ca,0.92
2,elections.gov,0.95
2,elections.nz,0.92
2,elections.org.za,0.92
2,electoralcommission.org.uk,0.92
2,elespectador.com,0.79
2,elfinanciero.com.mx,0.79
2,elmundo.es,0.79
2,elpais.com,0.79
2,elpais.com.uy,0.79
2,eltiempo.com,0.79
2,eluniversal.com.mx,0.79
2,eluniverso.com,0.79
2,ema.europa.eu,0.93
2,emol.com,0.79
2,empireonline.com,0.79
2,en.yna.co.kr,0.79
2,energy.gov,0.87
2,eng.lsm.lv,0.79
2,engadget.com,0.79
2,english.ahram.org.eg,0.79
2,english.alarabiya.net,0.79
2,entrackr.com,0.87
2,entrepreneur.com,0.92
2,err.ee,0.79
2,ertnews.gr,0.79
2,esa.int,0.92
2,eso.org,0.92
2,espn.com,0.82
2,espn.com.br,0.82
2,espn.com.mx,0.82
2,espn.in,0.82
2,espncricinfo.com,0.82
2,essentiallysports.com,0.8
2,estadao.com.br,0.79
2,etnews.com,0.79
2,etonline.com,0.82
2,euobserver.com,0.81
2,euractiv.com,0.81
2,eurekalert.org,0.85
2,euronews.com,0.79
2,europa.eu,0.95
2,europarl.europa.eu,0.95
2,eurosport.com,0.82
2,everydayhealth.com,0.85
2,ew.com,0.79
2,excelsior.com.mx,0.79
2,exchange4media.com,0.87
2,expansion.mx,0.79
2,facebook.com,0.17
2,factcheck.org,0.89
2,fansided.com,0.8
2,fastcompany.com,0.92
2,faz.net,0.79
2,fca.org.uk,0.92
2,fda.gov,0.92
2,fec.gov,0.92
2,federalreserve.gov,0.92
2,fff.fr,0.95
2,fide.com,0.98
2,fifa.com,0.95
2,fijisun.com.fj,0.79
2,fijitimes.com.fj,0.79
2,filmcompanion.in,0.79
2,financialchronicle.com,0.87
2,financialexpress.com,0.87
2,financialpost.com,0.79
2,finews.com,0.79
2,finma.ch,0.92
2,finmin.gov.in,0.92
2,finra.org,0.95
2,firstpost.com,0.79
2,firstsportz.com,0.82
2,fmf.mx,0.95
2,focustaiwan.tw,0.79
2,folha.uol.com.br,0.79
2,fool.com,0.92
2,football365.com,0.88
2,footballaustralia.com.au,0.95
2,forbes.com,0.79
2,foreignaffairs.com,0.82
2,foreignpolicy.com,0.82
2,formula1.com,0.95
2,fortune.com,0.79
2,fortuneindia.com,0.81
2,fourfourtwo.com,0.88
2,foxnews.com,0.79
2,foxsports.com,0.95
2,foxsports.com.au,0.82
2,france24.com,0.79
2,fsa.go.jp,0.92
2,fsc.go.kr,0.92
2,fsca.co.za,0.92
2,ft.com,0.79
2,fullfact.org,0.89
2,futurism.com,0.85
2,fxstreet.com,0.85
2,g1.globo.com,0.79
2,gadgets360.com,0.79
2,gavi.org,0.92
2,gazeta.uz,0.79
2,gazzetta.it,0.82
2,ge.globo.com,0.82
2,geo.tv,0.79
2,gestion.pe,0.81
2,ghanaweb.com,0.83
2,gizmodo.com,0.79
2,globalaffairs.ca,0.92
2,globalnews.ca,0.79
2,globaltimes.cn,0.79
2,globeandmail.com,0.92
2,gmanetwork.com,0.79
2,goal.com,0.88
2,gob.cl,0.92
2,gob.ec,0.92
2,gob.mx,0.92
2,gob.mx/cnbv,0.92
2,gob.mx/salud,0.92
2,gob.pe,0.92
2,golem.de,0.79
2,google.com,0.92
2,gouvernement.fr,0.92
2,gov.au,0.92
2,gov.br,0.92
2,gov.br/cvm,0.92
2,gov.br/saude,0.92
2,gov.cn,0.92
2,gov.co,0.92
2,gov.gh,0.92
2,gov.in,0.95
2,gov.ke,0.92
2,gov.ng,0.92
2,gov.sa,0.92
2,gov.sg,0.92
2,gov.uk,0.92
2,gov.za,0.92
2,govt.nz,0.92
2,graphic.com.gh,0.79
2,gsmarena.com,0.92
2,guardian.co.tt,0.79
2,guardian.ng,0.79
2,gulf-times.com,0.79
2,gulfbusiness.com,0.79
2,gulfnews.com,0.82
2,haaretz.com,0.79
2,handelsblatt.com,0.79
2,harvard.edu,0.87
2,hbr.org,0.92
2,health.com,0.85
2,health.gov.au,0.92
2,health.gov.za,0.92
2,health.govt.nz,0.92
2,healthline.com,0.79
2,heise.de,0.79
2,herald.co.zw,0.79
2,hindustantimes.com,0.82
2,hockeycanada.ca,0.95
2,hockeyindia.org,0.95
2,hollywood.com,0.85
2,hollywoodreporter.com,0.79
2,hongkongfp.com,0.79
2,hopkinsmedicine.org,0.87
2,hotnews.ro,0.79
2,house.gov,0.92
2,howtogeek.com,0.92
2,hrt.hr,0.79
2,hs.fi,0.79
2,hurriyetdailynews.com,0.79
2,iaea.org,0.92
2,icar.gov.in,0.95
2,icc-cricket.com,0.95
2,icelandreview.com,0.79
2,icmr.gov.in,0.92
2,idnes.cz,0.79
2,ieee.org,0.92
2,imdb.com,0.82
2,imf.org,0.92
2,inc.com,0.92
2,inc42.com,0.87
2,incometax.gov.in,0.95
2,independent.co.uk,0.79
2,independent.ie,0.79
2,index.hu,0.79
2,india.gov.in,0.92
2,indiacode.nic.in,0.95
2,indianexpress.com,0.79
2,indiaretailing.com,0.81
2,indiatoday.in,0.79
2,indiewire.com,0.82
2,indycar.com,0.88
2,ine.mx,0.92
2,infobae.com,0.81
2,infomoney.com.br,0.79
2,inform.kz,0.79
2,innovationaus.com,0.79
2,inquirer.net,0.79
2,insidesport.in,0.82
2,instagram.com,0.22
2,intellinews.com,0.81
2,interest.co.nz,0.79
2,investopedia.com,0.92
2,iol.co.za,0.79
2,iranintl.com,0.87
2,ird.gov.in,0.95
2,irishexaminer.com,0.83
2,irishtimes.com,0.79
2,irna.ir,0.87
2,isro.gov.in,0.92
2,itmedia.co.jp,0.79
2,itnews.com.au,0.79
2,jakartaglobe.id,0.85
2,jakartapost.com,0.85
2,jamaica-gleaner.com,0.79
2,jamaicaobserver.com,0.79
2,japan.go.jp,0.92
2,japantimes.co.jp,0.82
2,japantoday.com,0.92
2,jaxa.jp,0.92
2,jfa.jp,0.95
2,jordantimes.com,0.79
2,jornada.com.mx,0.81
2,jpl.nasa.gov,0.94
2,jpost.com,0.79
2,justice.gov,0.95
2,jutarnji.hr,0.79
2,kari.re.kr,0.92
2,kathmandupost.com,0.82
2,kdca.go.kr,0.92
2,kedglobal.com,0.79
2,khaleejtimes.com,0.79
2,khan.co.kr,0.92
2,khelnow.com,0.82
2,kicker.de,0.82
2,kiplinger.com,0.85
2,kompas.com,0.79
2,korea.net,0.92
2,koreaherald.com,0.79
2,koreajoongangdaily.joins.com,0.82
2,koreatimes.co.kr,0.79
2,kr-asia.com,0.79
2,kun.uz,0.79
2,kyivindependent.com,0.79
2,kyivpost.com,0.81
2,kyodonews.net,0.82
2,l'equipe.fr,0.88
2,laliga.com,0.95
2,lanacion.com.ar,0.79
2,laptopmag.com,0.83
2,larepublica.co,0.81
2,larepublica.pe,0.79
2,lastampa.it,0.79
2,latercera.com,0.79
2,lavanguardia.com,0.79
2,lefigaro.fr,0.79
2,lematin.ma,0.79
2,lemonde.fr,0.79
2,lequipe.fr,0.82
2,lesechos.fr,0.79
2,lesoir.be,0.79
2,lexpress.mu,0.79
2,lg.com,0.92
2,liberation.fr,0.79
2,ligue1.com,0.95
2,livemint.com,0.79
2,livescience.com,0.79
2,loc.gov,0.95
2,local10.com,0.82
2,lostiempos.com,0.79
2,lrt.lt,0.79
2,lusakatimes.com,0.79
2,macrumors.com,0.92
2,main.sci.gov.in,0.95
2,mainichi.jp,0.79
2,malaymail.com,0.79
2,manager-magazin.de,0.79
2,manilatimes.net,0.85
2,manoramaonline.com,0.87
2,marca.com,0.82
2,marketscreener.com,0.85
2,marketwatch.com,0.79
2,mas.gov.sg,0.92
2,mashable.com,0.83
2,mathrubhumi.com,0.87
2,mayoclinic.org,0.87
2,mca.gov.in,0.95
2,mea.gov.in,0.92
2,medianama.com,0.87
2,medicalnewstoday.com,0.79
2,medicalxpress.com,0.79
2,medium.com,0.17
2,meity.gov.in,0.92
2,meta.com,0.92
2,metacritic.com,0.82
2,metoffice.gov.uk,0.92
2,mexico.gob.mx,0.92
2,mfa.gov.cn,0.92
2,mg.co.za,0.79
2,mhlw.go.jp,0.92
2,microsoft.com,0.92
2,middleeasteye.net,0.85
2,middleeastmonitor.com,0.85
2,milenio.com,0.79
2,mit.edu,0.87
2,mk.co.kr,0.79
2,mlb.com,0.95
2,mlssoccer.com,0.95
2,mobilesyrup.com,0.79
2,mofa.go.jp,0.92
2,mofa.gov.ae,0.92
2,mofa.gov.sa,0.92
2,moh.gov.sa,0.92
2,moh.gov.sg,0.92
2,mohap.gov.ae,0.92
2,mohfw.gov.in,0.92
2,money9.com,0.87
2,moneycontrol.com,0.79
2,moneyweb.co.za,0.79
2,monitor.co.ug,0.79
2,montevideo.com.uy,0.79
2,montsame.mn,0.79
2,morningstar.com,0.92
2,moroccoworldnews.com,0.79
2,motherjones.com,0.82
2,mothership.sg,0.79
2,motogp.com,0.95
2,mpg.de,0.92
2,mundodeportivo.com,0.88
2,musicbusinessworldwide.com,0.85
2,mygov.in,0.95
2,myjoyonline.com,0.83
2,mykhel.com,0.82
2,n-tv.de,0.83
2,nacion.com,0.79
2,nasa.gov,0.92
2,nasaspaceflight.com,0.85
2,nascar.com,0.88
2,nasdaq.com,0.85
2,nation.africa,0.79
2,nationalgeographic.com,0.92
2,nationalpost.com,0.79
2,nationalreview.com,0.82
2,nationthailand.com,0.85
2,nato.int,0.95
2,nature.com,0.79
2,natureasia.com,0.85
2,nba.com,0.95
2,nbcnews.com,0.79
2,nbcsports.com,0.95
2,ncaa.org,0.95
2,ncbi.nlm.nih.gov,0.9
2,ndtv.com,0.79
2,nejm.org,0.9
2,nerdwallet.com,0.85
2,newatlas.com,0.87
2,newindianexpress.com,0.87
2,newrepublic.com,0.82
2,news.abs-cbn.com,0.79
2,news.com.au,0.79
2,news.sky.com,0.79
2,news18.com,0.79
2,news24.com,0.79
2,newschannel5.com,0.82
2,newscientist.com,0.79
2,newsday.co.zw,0.79
2,newsfirst.lk,0.79
2,newshub.co.nz,0.79
2,newvision.co.ug,0.79
2,newyorker.com,0.82
2,nfl.com,0.95
2,nhc.gov.cn,0.92
2,nhk.or.jp,0.79
2,nhl.com,0.95
2,nhs.uk,0.92
2,nice.org.uk,0.93
2,nih.gov,0.92
2,nikkei.com,0.92
2,nist.gov,0.94
2,nme.com,0.79
2,noaa.gov,0.92
2,nos.nl,0.79
2,notebookcheck.net,0.83
2,novinite.com,0.79
2,npc.gov.cn,0.92
2,npr.org,0.79
2,nrc.canada.ca,0.92
2,nrc.nl,0.79
2,nrk.no,0.79
2,nsf.gov,0.92
2,nst.com.my,0.79
2,numerama.com,0.79
2,nyse.com,0.85
2,nytimes.com,0.79
2,nzc.nz,0.95
2,nzherald.co.nz,0.82
2,nzrugby.co.nz,0.95
2,observador.pt,0.79
2,oecd.org,0.95
2,oglobo.globo.com,0.79
2,ole.com.ar,0.82
2,olympic.ind.in,0.98
2,olympics.com,0.95
2,olympics.org,0.95
2,onmanorama.com,0.87
2,orf.at,0.79
2,ourcommons.ca,0.92
2,outlookbusiness.com,0.81
2,outlookindia.com,0.87
2,pagina12.com.ar,0.79
2,paginasiete.bo,0.79
2,pajhwok.com,0.79
2,parliament.gov.sg,0.92
2,parliament.gov.za,0.92
2,parliament.nz,0.92
2,parliament.uk,0.92
2,pbc.gov.cn,0.92
2,pbs.org,0.92
2,pcmag.com,0.92
2,pcworld.com,0.92
2,people.cn,0.85
2,people.com,0.82
2,perfil.com,0.81
2,peru21.pe,0.81
2,pfrda.org.in,0.95
2,pgatour.com,0.95
2,philstar.com,0.85
2,phys.org,0.87
2,pib.gov.in,0.95
2,pinkvilla.com,0.79
2,pitchfork.com,0.82
2,pm.gc.ca,0.95
2,pnas.org,0.9
2,politico.com,0.92
2,politico.eu,0.92
2,politifact.com,0.89
2,politiken.dk,0.79
2,popsci.com,0.79
2,popularmechanics.com,0.85
2,popularscience.com,0.85
2,postcourier.com.pg,0.79
2,pravda.com.ua,0.79
2,premierleague.com,0.95
2,premiumtimesng.com,0.79
2,prensa.com,0.79
2,presstv.ir,0.87
2,primicias.ec,0.79
2,proceso.com,0.81
2,proceso.com.mx,0.79
2,propublica.org,0.82
2,prothomalo.com,0.79
2,protocol.com,0.83
2,publico.pt,0.79
2,pubmed.ncbi.nlm.nih.gov,0.9
2,punchng.com,0.79
2,quantamagazine.org,0.85
2,quora.com,0.17
2,radiotimes.com,0.79
2,rappler.com,0.79
2,rba.gov.au,0.92
2,rbi.org.in,0.92
2,rbnz.govt.nz,0.92
2,rcnradio.com,0.81
2,reason.com,0.82
2,record.com.mx,0.82
2,reddit.com,0.17
2,reforma.com,0.79
2,repubblica.it,0.79
2,republicworld.com,0.87
2,resbank.co.za,0.92
2,reuters.com,0.79
2,rfi.fr,0.92
2,ria.ru,0.79
2,riken.jp,0.92
2,rki.de,0.92
2,rmcsport.bfmtv.com,0.82
2,rnz.co.nz,0.79
2,rollingstone.com,0.82
2,rottentomatoes.com,0.82
2,rsi.ch,0.83
2,rtbf.be,0.83
2,rte.ie,0.79
2,rthk.hk,0.79
2,rtl.de,0.83
2,rtp.pt,0.79
2,rts.ch,0.83
2,rts.rs,0.79
2,rtve.es,0.79
2,rtvslo.si,0.79
2,rugbyworld.com,0.88
2,ruv.is,0.79
2,safa.net,0.95
2,saff.com.sa,0.95
2,saharareporters.com,0.83
2,sais.gov.in,0.98
2,salon.com,0.82
2,sama.gov.sa,0.92
2,sammobile.com,0.85
2,sammyfans.com,0.85
2,samsung.com,0.92
2,sansad.in,0.92
2,sante.gouv.fr,0.92
2,santepubliquefrance.fr,0.92
2,saudigazette.com.sa,0.79
2,sbs.com.au,0.79
2,science.org,0.79
2,sciencealert.com,0.85
2,sciencedaily.com,0.85
2,sciencemag.org,0.87
2,sciencenews.org,0.85
2,scientificamerican.com,0.79
2,scmp.com,0.79
2,screenrant.com,0.82
2,scroll.in,0.79
2,sebi.gov.in,0.92
2,sec.gov,0.92
2,securities-administrators.ca,0.92
2,seekingalpha.com,0.92
2,semana.com,0.81
2,semfor.com,0.82
2,senado.leg.br,0.92
2,senat.fr,0.92
2,senate.gov,0.92
2,seriea.com,0.95
2,seznamzpravy.cz,0.79
2,shugiin.go.jp,0.92
2,si.com,0.82
2,siliconangle.com,0.83
2,skyandtelescope.org,0.87
2,skynews.com,0.92
2,skysports.com,0.82
2,slate.com,0.82
2,smh.com.au,0.79
2,smithsonianmag.com,0.92
2,snb.ch,0.92
2,snoc.org.sg,0.95
2,snopes.com,0.89
2,socialstyrelsen.se,0.93
2,sowetanlive.co.za,0.79
2,space.com,0.79
2,space.gov.au,0.92
2,spaceflightnow.com,0.87
2,spacenews.com,0.92
2,spectator.sme.sk,0.79
2,spectrum.ieee.org,0.92
2,spiegel.de,0.79
2,sport.gov.in,0.98
2,sport1.de,0.82
2,sport24.co.za,0.82
2,sportingnews.com,0.95
2,sports.ndtv.com,0.88
2,sports.yahoo.com,0.95
2,sportsillustrated.com,0.95
2,sportskeeda.com,0.8
2,sportsmintmedia.com,0.82
2,sportsnet.ca,0.82
2,sportsstar.thehindu.com,0.88
2,sportstar.thehindu.com,0.82
2,sr.se,0.83
2,sta.si,0.79
2,standardmedia.co.ke,0.79
2,stanford.edu,0.87
2,state.gov,0.92
2,statnews.com,0.79
2,straitstimes.com,0.79
2,stuff.co.nz,0.82
2,substack.com,0.17
2,sueddeutsche.de,0.79
2,sumo.or.jp,0.95
2,sundaymail.co.zw,0.83
2,sundhed.dk,0.93
2,supersport.com,0.82
2,supremecourt.gov,0.95
2,supremecourt.gov.in,0.95
2,sverigesradio.se,0.79
2,svt.se,0.79
2,swarajyamag.com,0.87
2,swissinfo.ch,0.79
2,tagesschau.de,0.83
2,taipeitimes.com,0.79
2,taiwannews.com.tw,0.79
2,talksport.com,0.88
2,tap.info.tn,0.79
2,tasnimnews.com,0.87
2,tass.com,0.79
2,techcircle.in,0.87
2,techcrunch.com,0.79
2,techinasia.com,0.79
2,techmeme.com,0.83
2,technologyreview.com,0.92
2,techradar.com,0.79
2,techspot.com,0.85
2,telegraaf.nl,0.79
2,telegraph.co.uk,0.79
2,telegraphindia.com,0.79
2,telex.hu,0.79
2,tempo.co,0.79
2,thaipbsworld.com,0.79
2,the-aiff.com,0.95
2,the-star.co.ke,0.79
2,theage.com.au,0.79
2,theathletic.com,0.82
2,theatlantic.com,0.82
2,theaustralian.com.au,0.79
2,theblock.co,0.85
2,thebridge.in,0.82
2,thebusinessdesk.co.nz,0.79
2,thecfa.cn,0.95
2,thecitizen.co.tz,0.79
2,theconversation.com,0.85
2,thedailystar.net,0.79
2,thedrum.com,0.77
2,theeastafrican.co.ke,0.83
2,thefa.com,0.95
2,theglobeandmail.com,0.79
2,theguardian.com,0.79
2,thehill.com,0.82
2,thehimalayantimes.com,0.79
2,thehindu.com,0.79
2,thejakartapost.com,0.79
2,thelancet.com,0.9
2,thelocal.ch,0.79
2,themoscowtimes.com,0.79
2,thenational.com.pg,0.79
2,thenationalnews.com,0.82
2,thenews.com.pk,0.79
2,thenextweb.com,0.83
2,theprint.in,0.79
2,thequint.com,0.87
2,theregister.com,0.79
2,thereporterethiopia.com,0.79
2,theroar.com.au,0.82
2,thestar.com,0.79
2,thestar.com.my,0.79
2,thestreet.com,0.92
2,thetimes.com,0.79
2,theverge.com,0.79
2,thewrap.com,0.85
2,thisdaylive.com,0.83
2,thisismoney.co.uk,0.79
2,tiktok.com,0.22
2,timeslive.co.za,0.79
2,timesnownews.com,0.87
2,timesofindia.indiatimes.com,0.79
2,timesofisrael.com,0.79
2,tmz.com,0.82
2,today.lorientlejour.com,0.79
2,todayonline.com,0.79
2,tolonews.com,0.79
2,tomsguide.com,0.83
2,tomshardware.com,0.92
2,tradingview.com,0.85
2,trai.gov.in,0.92
2,treasury.gov,0.92
2,tribune.com.pk,0.79
2,tribuneindia.com,0.87
2,trtworld.com,0.79
2,trustedreviews.com,0.92
2,tse.jus.br,0.92
2,tsn.ca,0.82
2,tubefilter.com,0.77
2,tv2.dk,0.79
2,tvn-2.com,0.79
2,tvn24.pl,0.79
2,tvp.info,0.79
2,tycsports.com,0.88
2,u.ae,0.92
2,uaefa.ae,0.95
2,uefa.com,0.95
2,ukhsa.gov.uk,0.92
2,ukri.org,0.92
2,ukrinform.net,0.79
2,ultimahora.com,0.79
2,un.org,0.92
2,unesco.org,0.92
2,unicef.org,0.92
2,uproxx.com,0.8
2,usa.gov,0.95
2,usatoday.com,0.79
2,usgs.gov,0.87
2,usnews.com,0.82
2,usopc.org,0.98
2,ussoccer.com,0.95
2,valor.globo.com,0.79
2,vanguardngr.com,0.79
2,variety.com,0.79
2,vccircle.com,0.87
2,venturebeat.com,0.83
2,verywellhealth.com,0.85
2,vg.no,0.79
2,vietnamnews.vn,0.79
2,vietnamplus.vn,0.85
2,vnexpress.net,0.79
2,volkskrant.nl,0.79
2,vox.com,0.82
2,vrt.be,0.79
2,vulture.com,0.82
2,washingtonexaminer.com,0.82
2,washingtonpost.com,0.79
2,washingtontimes.com,0.82
2,webmd.com,0.85
2,whitehouse.gov,0.92
2,who.int,0.92
2,wimbledon.com,0.95
2,windowscentral.com,0.85
2,wired.co.uk,0.79
2,wired.com,0.79
2,wisden.com,0.88
2,wnba.com,0.95
2,world.kbs.co.kr,0.79
2,world.rugby,0.88
2,worldaquatics.com,0.98
2,worldathletics.org,0.95
2,worldbank.org,0.92
2,wrc.com,0.88
2,wsj.com,0.79
2,wtatennis.com,0.95
2,wto.org,0.92
2,wyborcza.pl,0.79
2,x.com,0.17
2,xda-developers.com,0.85
2,xinhua.net,0.85
2,xinhuanet.com,0.79
2,yahoo.com,0.95
2,yle.fi,0.79
2,ynetnews.com,0.79
2,yomiuri.co.jp,0.79
2,yourstory.com,0.87
2,youtube.com,0.22
2,zawya.com,0.79
2,zdnet.co.kr,0.79
2,zdnet.com,0.79
2,zeebiz.com,0.87
2,zeenews.india.com,0.87
2,zeit.de,0.79
3,01net.com,0.785
3,1news.co.nz,0.785
3,36kr.com,0.785
3,444.hu,0.785
3,90min.com,0.845
3,91mobiles.com,0.785
3,9to5google.com,0.845
3,9to5mac.com,0.915
3,aa.com.tr,0.865
3,abc.com.py,0.785
3,abc.es,0.785
3,abc.net.au,0.785
3,abcnews.go.com,0.785
3,addisstandard.com,0.785
3,adevarul.ro,0.785
3,admin.ch,0.915
3,adweek.com,0.795
3,aec.gov.au,0.915
3,afaqs.com,0.835
3,afl.com.au,0.915
3,afp.com,0.885
3,afr.com,0.815
3,africanews.com,0.825
3,aftenposten.no,0.785
3,agenciabrasil.ebc.com.br,0.785
3,agenda.ge,0.785
3,aiada.gov.in,0.945
3,aihw.gov.au,0.915
3,aljazeera.com,0.785
3,allafrica.com,0.825
3,amazon.com,0.915
3,ambito.com,0.805
3,amf-france.org,0.945
3,anadoluajansi.com,0.865
3,anandtech.com,0.915
3,androidauthority.com,0.915
3,androidpolice.com,0.915
3,animalpolitico.com,0.805
3,ansa.it,0.785
3,aph.gov.au,0.915
3,apnews.com,0.785
3,apple.com,0.915
3,aps.dz,0.785
3,ar.marca.com,0.805
3,arabianbusiness.com,0.785
3,arabnews.com,0.815
3,argentina.gob.ar,0.915
3,armenpress.am,0.785
3,arstechnica.com,0.785
3,arxiv.org,0.895
3,as.com,0.785
3,asahi.com,0.785
3,asc-csa.gc.ca,0.915
3,ascii.jp,0.785
3,asean.org,0.945
3,asia.nikkei.com,0.815
3,asianetnews.com,0.865
3,asic.gov.au,0.945
3,assemblee-nationale.fr,0.915
3,assembly.go.kr,0.915
3,astanatimes.com,0.785
3,astronomy.com,0.845
3,astronomy.org,0.845
3,atptour.com,0.915
3,australia.gov.au,0.915
3,avclub.com,0.845
3,axios.com,0.815
3,azertag.az,0.785
3,b92.net,0.785
3,bafin.de,0.945
3,bag.admin.ch,0.915
3,balkaninsight.com,0.805
3,bangkokpost.com,0.785
3,bankofcanada.ca,0.945
3,bankofengland.co.uk,0.945
3,bankrate.com,0.875
3,banque-france.fr,0.945
3,banxico.org.mx,0.945
3,barrons.com,0.945
3,barstoolsports.com,0.765
3,bbc.co.uk,0.825
3,bbc.com,0.785
3,bbc.com/sport,0.785
3,bcb.gov.br,0.945
3,bcci.tv,0.915
3,beebom.com,0.805
3,bernama.com,0.845
3,betakit.com,0.785
3,bfmbusiness.bfmtv.com,0.815
3,bild.de,0.785
3,billboard.com,0.845
3,biobiochile.cl,0.785
3,bis.gov.in,0.945
3,bleacherreport.com,0.785
3,bloomberg.com,0.815
3,bls.gov,0.945
3,bmj.com,0.895
3,bnnbloomberg.ca,0.815
3,bnr.bg,0.785
3,boj.or.jp,0.945
3,bok.or.kr,0.945
3,bollywoodhungama.com,0.815
3,boxofficepro.com,0.875
3,bundesbank.de,0.945
3,bundesgesundheitsministerium.de,0.915
3,bundesliga.com,0.915
3,bundesregierung.de,0.915
3,bundestag.de,0.915
3,bundeswahlleiterin.de,0.915
3,business-standard.com,0.815
3,businessinsider.com,0.945
3,businessline.global,0.895
3,businessline.in,0.895
3,businesslive.co.za,0.815
3,businesstimes.com.sg,0.815
3,businesstoday.in,0.835
3,businessweek.com,0.945
3,caixinglobal.com,0.815
3,camara.leg.br,0.915
3,campaignlive.co.uk,0.795
3,canada.ca,0.915
3,canadasoccer.com,0.915
3,caracoltv.com,0.805
3,cas.cn,0.915
3,cbc.ca,0.785
3,cbf.com.br,0.915
3,cbsnews.com,0.785
3,cbssports.com,0.785
3,cdc.gov,0.915
3,cdsco.gov.in,0.945
3,cell.com,0.895
3,census.gov,0.945
3,centralbank.ae,0.945
3,cern.ch,0.915
3,cgtn.com,0.785
3,channelnewsasia.com,0.815
3,chinadaily.com.cn,0.815
3,chinadailyhk.com,0.845
3,christianitytoday.com,0.815
3,citinewsroom.com,0.785
3,citizen.co.za,0.825
3,cityam.com,0.815
3,civil.ge,0.785
3,civilnet.am,0.785
3,clarin.com,0.785
3,clevelandclinic.org,0.865
3,clinicaltrials.gov,0.895
3,cma.org.sa,0.945
3,cnbc.com,0.815
3,cnbctv18.com,0.895
3,cnes.fr,0.915
3,cnet.com,0.785
3,cnn.com,0.785
3,cnrs.fr,0.915
3,cnsa.gov.cn,0.915
3,cochranelibrary.com,0.895
3,coindesk.com,0.875
3,cointelegraph.com,0.875
3,collider.com,0.845
3,computerweekly.com,0.785
3,computerworld.com,0.915
3,congress.gov,0.915
3,corriere.it,0.785
3,corrieredellosport.it,0.845
3,crhoy.com,0.785
3,cricbuzz.com,0.785
3,cricket.co.za,0.915
3,cricket.com,0.915
3,cricket.com.au,0.915
3,cricket365.com,0.845
3,cricketnext.com,0.845
3,crictracker.com,0.785
3,cronista.com,0.805
3,csir.res.in,0.945
3,csiro.au,0.915
3,csmonitor.com,0.815
3,csrc.gov.cn,0.945
3,ct24.ceskatelevize.cz,0.785
3,ctvnews.ca,0.785
3,daily-mail.co.zm,0.785
3,dailymaverick.co.za,0.785
3,dailymirror.lk,0.785
3,dailynews.co.tz,0.785
3,dailynews.gov.bw,0.825
3,dailynews.lk,0.785
3,dailysabah.com,0.785
3,dailytrust.com,0.825
3,darpa.mil,0.935
3,dawn.com,0.785
3,dbtindia.gov.in,0.945
3,deadline.com,0.815
3,deadspin.com,0.765
3,deccanherald.com,0.785
3,decrypt.co,0.875
3,deeutschewelle.de,0.915
3,defense.gov,0.945
3,derstandard.at,0.785
3,destandaard.be,0.785
3,dfb.de,0.915
3,dhakatribune.com,0.785
3,diepresse.com,0.785
3,digi24.ro,0.785
3,digiday.com,0.795
3,digit.in,0.785
3,digitaltrends.com,0.825
3,diputados.gob.mx,0.915
3,dlr.de,0.915
3,dn.se,0.785
3,dohanews.co,0.785
3,dr.dk,0.785
3,dst.gov.in,0.915
3,dw.com,0.785
3,earthsky.org,0.845
3,ecb.europa.eu,0.975
3,ecdc.europa.eu,0.925
3,eci.gov.in,0.915
3,economictimes.indiatimes.com,0.815
3,economist.com,0.915
3,eda.admin.ch,0.915
3,egyptindependent.com,0.785
3,ekathimerini.com,0.785
3,elcolombiano.com,0.805
3,elcomercio.com.br,0.805
3,elcomercio.pe,0.785
3,eld.gov.sg,0.915
3,elections.ca,0.915
3,elections.gov,0.945
3,elections.nz,0.915
3,elections.org.za,0.915
3,electoralcommission.org.uk,0.915
3,elespectador.com,0.785
3,elfinanciero.com.mx,0.815
3,elmundo.es,0.785
3,elpais.com,0.785
3,elpais.com.uy,0.785
3,eltiempo.com,0.785
3,eluniversal.com.mx,0.785
3,eluniverso.com,0.785
3,ema.europa.eu,0.925
3,emol.com,0.785
3,empireonline.com,0.815
3,en.yna.co.kr,0.785
3,energy.gov,0.865
3,eng.lsm.lv,0.785
3,engadget.com,0.785
3,english.ahram.org.eg,0.785
3,english.alarabiya.net,0.785
3,entrackr.com,0.895
3,entrepreneur.com,0.945
3,err.ee,0.785
3,ertnews.gr,0.785
3,esa.int,0.915
3,eso.org,0.915
3,espn.com,0.785
3,espn.com.br,0.785
3,espn.com.mx,0.785
3,espn.in,0.785
3,espncricinfo.com,0.785
3,essentiallysports.com,0.765
3,estadao.com.br,0.785
3,etnews.com,0.785
3,etonline.com,0.845
3,euobserver.com,0.805
3,euractiv.com,0.805
3,eurekalert.org,0.845
3,euronews.com,0.785
3,europa.eu,0.945
3,europarl.europa.eu,0.945
3,eurosport.com,0.785
3,everydayhealth.com,0.845
3,ew.com,0.815
3,excelsior.com.mx,0.785
3,exchange4media.com,0.895
3,expansion.mx,0.815
3,facebook.com,0.165
3,factcheck.org,0.885
3,fansided.com,0.765
3,fastcompany.com,0.945
3,faz.net,0.785
3,fca.org.uk,0.945
3,fda.gov,0.915
3,fec.gov,0.915
3,federalreserve.gov,0.945
3,fff.fr,0.915
3,fide.com,0.945
3,fifa.com,0.915
3,fijisun.com.fj,0.785
3,fijitimes.com.fj,0.785
3,filmcompanion.in,0.815
3,financialchronicle.com,0.895
3,financialexpress.com,0.895
3,financialpost.com,0.815
3,finews.com,0.815
3,finma.ch,0.945
3,finmin.gov.in,0.945
3,finra.org,0.975
3,firstpost.com,0.785
3,firstsportz.com,0.785
3,fmf.mx,0.915
3,focustaiwan.tw,0.785
3,folha.uol.com.br,0.785
3,fool.com,0.945
3,football365.com,0.845
3,footballaustralia.com.au,0.915
3,forbes.com,0.815
3,foreignaffairs.com,0.815
3,foreignpolicy.com,0.815
3,formula1.com,0.915
3,fortune.com,0.815
3,fortuneindia.com,0.835
3,fourfourtwo.com,0.845
3,foxnews.com,0.785
3,foxsports.com,0.915
3,foxsports.com.au,0.785
3,france24.com,0.785
3,fsa.go.jp,0.945
3,fsc.go.kr,0.945
3,fsca.co.za,0.945
3,ft.com,0.815
3,fullfact.org,0.885
3,futurism.com,0.845
3,fxstreet.com,0.875
3,g1.globo.com,0.785
3,gadgets360.com,0.785
3,gavi.org,0.915
3,gazeta.uz,0.785
3,gazzetta.it,0.785
3,ge.globo.com,0.785
3,geo.tv,0.785
3,gestion.pe,0.805
3,ghanaweb.com,0.825
3,gizmodo.com,0.785
3,globalaffairs.ca,0.915
3,globalnews.ca,0.785
3,globaltimes.cn,0.785
3,globeandmail.com,0.915
3,gmanetwork.com,0.785
3,goal.com,0.845
3,gob.cl,0.915
3,gob.ec,0.915
3,gob.mx,0.915
3,gob.mx/cnbv,0.945
3,gob.mx/salud,0.915
3,gob.pe,0.915
3,golem.de,0.785
3,google.com,0.915
3,gouvernement.fr,0.915
3,gov.au,0.915
3,gov.br,0.915
3,gov.br/cvm,0.945
3,gov.br/saude,0.915
3,gov.cn,0.915
3,gov.co,0.915
3,gov.gh,0.915
3,gov.in,0.945
3,gov.ke,0.915
3,gov.ng,0.915
3,gov.sa,0.915
3,gov.sg,0.915
3,gov.uk,0.915
3,gov.za,0.915
3,govt.nz,0.915
3,graphic.com.gh,0.785
3,gsmarena.com,0.915
3,guardian.co.tt,0.785
3,guardian.ng,0.785
3,gulf-times.com,0.785
3,gulfbusiness.com,0.815
3,gulfnews.com,0.785
3,haaretz.com,0.785
3,handelsblatt.com,0.815
3,harvard.edu,0.865
3,hbr.org,0.945
3,health.com,0.845
3,health.gov.au,0.915
3,health.gov.za,0.915
3,health.govt.nz,0.915
3,healthline.com,0.785
3,heise.de,0.785
3,herald.co.zw,0.785
3,hindustantimes.com,0.785
3,hockeycanada.ca,0.915
3,hockeyindia.org,0.915
3,hollywood.com,0.875
3,hollywoodreporter.com,0.815
3,hongkongfp.com,0.785
3,hopkinsmedicine.org,0.865
3,hotnews.ro,0.785
3,house.gov,0.915
3,howtogeek.com,0.915
3,hrt.hr,0.785
3,hs.fi,0.785
3,hurriyetdailynews.com,0.785
3,iaea.org,0.915
3,icar.gov.in,0.945
3,icc-cricket.com,0.915
3,icelandreview.com,0.785
3,icmr.gov.in,0.915
3,idnes.cz,0.785
3,ieee.org,0.915
3,imdb.com,0.845
3,imf.org,0.915
3,inc.com,0.945
3,inc42.com,0.895
3,incometax.gov.in,0.975
3,independent.co.uk,0.785
3,independent.ie,0.785
3,index.hu,0.785
3,india.gov.in,0.915
3,indiacode.nic.in,0.945
3,indianexpress.com,0.785
3,indiaretailing.com,0.835
3,indiatoday.in,0.785
3,indiewire.com,0.845
3,indycar.com,0.845
3,ine.mx,0.915
3,infobae.com,0.805
3,infomoney.com.br,0.815
3,inform.kz,0.785
3,innovationaus.com,0.785
3,inquirer.net,0.785
3,insidesport.in,0.785
3,instagram.com,0.245
3,intellinews.com,0.805
3,interest.co.nz,0.815
3,investopedia.com,0.945
3,iol.co.za,0.785
3,iranintl.com,0.865
3,ird.gov.in,0.975
3,irishexaminer.com,0.825
3,irishtimes.com,0.785
3,irna.ir,0.865
3,isro.gov.in,0.915
3,itmedia.co.jp,0.785
3,itnews.com.au,0.785
3,jakartaglobe.id,0.845
3,jakartapost.com,0.845
3,jamaica-gleaner.com,0.785
3,jamaicaobserver.com,0.785
3,japan.go.jp,0.915
3,japantimes.co.jp,0.815
3,japantoday.com,0.915
3,jaxa.jp,0.915
3,jfa.jp,0.915
3,jordantimes.com,0.785
3,jornada.com.mx,0.805
3,jpl.nasa.gov,0.935
3,jpost.com,0.785
3,justice.gov,0.945
3,jutarnji.hr,0.785
3,kari.re.kr,0.915
3,kathmandupost.com,0.785
3,kdca.go.kr,0.915
3,kedglobal.com,0.815
3,khaleejtimes.com,0.785
3,khan.co.kr,0.915
3,khelnow.com,0.785
3,kicker.de,0.785
3,kiplinger.com,0.875
3,kompas.com,0.785
3,korea.net,0.915
3,koreaherald.com,0.785
3,koreajoongangdaily.joins.com,0.785
3,koreatimes.co.kr,0.785
3,kr-asia.com,0.785
3,kun.uz,0.785
3,kyivindependent.com,0.785
3,kyivpost.com,0.805
3,kyodonews.net,0.785
3,l'equipe.fr,0.845
3,laliga.com,0.915
3,lanacion.com.ar,0.785
3,laptopmag.com,0.825
3,larepublica.co,0.805
3,larepublica.pe,0.785
3,lastampa.it,0.785
3,latercera.com,0.785
3,lavanguardia.com,0.785
3,lefigaro.fr,0.785
3,lematin.ma,0.785
3,lemonde.fr,0.785
3,lequipe.fr,0.785
3,lesechos.fr,0.785
3,lesoir.be,0.785
3,lexpress.mu,0.785
3,lg.com,0.915
3,liberation.fr,0.785
3,ligue1.com,0.915
3,livemint.com,0.815
3,livescience.com,0.785
3,loc.gov,0.945
3,local10.com,0.815
3,lostiempos.com,0.785
3,lrt.lt,0.785
3,lusakatimes.com,0.785
3,macrumors.com,0.915
3,main.sci.gov.in,0.945
3,mainichi.jp,0.785
3,malaymail.com,0.785
3,manager-magazin.de,0.815
3,manilatimes.net,0.845
3,manoramaonline.com,0.865
3,marca.com,0.785
3,marketscreener.com,0.875
3,marketwatch.com,0.815
3,mas.gov.sg,0.945
3,mashable.com,0.825
3,mathrubhumi.com,0.865
3,mayoclinic.org,0.865
3,mca.gov.in,0.975
3,mea.gov.in,0.915
3,medianama.com,0.895
3,medicalnewstoday.com,0.785
3,medicalxpress.com,0.785
3,medium.com,0.165
3,meity.gov.in,0.915
3,meta.com,0.915
3,metacritic.com,0.845
3,metoffice.gov.uk,0.915
3,mexico.gob.mx,0.915
3,mfa.gov.cn,0.915
3,mg.co.za,0.785
3,mhlw.go.jp,0.915
3,microsoft.com,0.915
3,middleeasteye.net,0.845
3,middleeastmonitor.com,0.845
3,milenio.com,0.785
3,mit.edu,0.865
3,mk.co.kr,0.815
3,mlb.com,0.915
3,mlssoccer.com,0.915
3,mobilesyrup.com,0.785
3,mofa.go.jp,0.915
3,mofa.gov.ae,0.915
3,mofa.gov.sa,0.915
3,moh.gov.sa,0.915
3,moh.gov.sg,0.915
3,mohap.gov.ae,0.915
3,mohfw.gov.in,0.915
3,money9.com,0.895
3,moneycontrol.com,0.815
3,moneyweb.co.za,0.815
3,monitor.co.ug,0.785
3,montevideo.com.uy,0.785
3,montsame.mn,0.785
3,morningstar.com,0.945
3,moroccoworldnews.com,0.785
3,motherjones.com,0.815
3,mothership.sg,0.785
3,motogp.com,0.915
3,mpg.de,0.915
3,mundodeportivo.com,0.845
3,musicbusinessworldwide.com,0.875
3,mygov.in,0.945
3,myjoyonline.com,0.825
3,mykhel.com,0.785
3,n-tv.de,0.825
3,nacion.com,0.785
3,nasa.gov,0.915
3,nasaspaceflight.com,0.845
3,nascar.com,0.845
3,nasdaq.com,0.875
3,nation.africa,0.785
3,nationalgeographic.com,0.915
3,nationalpost.com,0.785
3,nationalreview.com,0.815
3,nationthailand.com,0.845
3,nato.int,0.945
3,nature.com,0.785
3,natureasia.com,0.845
3,nba.com,0.915
3,nbcnews.com,0.785
3,nbcsports.com,0.915
3,ncaa.org,0.915
3,ncbi.nlm.nih.gov,0.895
3,ndtv.com,0.785
3,nejm.org,0.895
3,nerdwallet.com,0.875
3,newatlas.com,0.865
3,newindianexpress.com,0.865
3,newrepublic.com,0.815
3,news.abs-cbn.com,0.785
3,news.com.au,0.785
3,news.sky.com,0.785
3,news18.com,0.785
3,news24.com,0.785
3,newschannel5.com,0.815
3,newscientist.com,0.785
3,newsday.co.zw,0.785
3,newsfirst.lk,0.785
3,newshub.co.nz,0.785
3,newvision.co.ug,0.785
3,newyorker.com,0.815
3,nfl.com,0.915
3,nhc.gov.cn,0.915
3,nhk.or.jp,0.785
3,nhl.com,0.915
3,nhs.uk,0.915
3,nice.org.uk,0.925
3,nih.gov,0.915
3,nikkei.com,0.945
3,nist.gov,0.935
3,nme.com,0.815
3,noaa.gov,0.915
3,nos.nl,0.785
3,notebookcheck.net,0.825
3,novinite.com,0.785
3,npc.gov.cn,0.915
3,npr.org,0.785
3,nrc.canada.ca,0.915
3,nrc.nl,0.785
3,nrk.no,0.785
3,nsf.gov,0.915
3,nst.com.my,0.785
3,numerama.com,0.785
3,nyse.com,0.875
3,nytimes.com,0.785
3,nzc.nz,0.915
3,nzherald.co.nz,0.785
3,nzrugby.co.nz,0.915
3,observador.pt,0.785
3,oecd.org,0.945
3,oglobo.globo.com,0.785
3,ole.com.ar,0.785
3,olympic.ind.in,0.945
3,olympics.com,0.915
3,olympics.org,0.915
3,onmanorama.com,0.865
3,orf.at,0.785
3,ourcommons.ca,0.915
3,outlookbusiness.com,0.835
3,outlookindia.com,0.865
3,pagina12.com.ar,0.785
3,paginasiete.bo,0.785
3,pajhwok.com,0.785
3,parliament.gov.sg,0.915
3,parliament.gov.za,0.915
3,parliament.nz,0.915
3,parliament.uk,0.915
3,pbc.gov.cn,0.945
3,pbs.org,0.915
3,pcmag.com,0.915
3,pcworld.com,0.915
3,people.cn,0.845
3,people.com,0.845
3,perfil.com,0.805
3,peru21.pe,0.805
3,pfrda.org.in,0.975
3,pgatour.com,0.915
3,philstar.com,0.845
3,phys.org,0.865
3,pib.gov.in,0.945
3,pinkvilla.com,0.815
3,pitchfork.com,0.845
3,pm.gc.ca,0.945
3,pnas.org,0.895
3,politico.com,0.915
3,politico.eu,0.915
3,politifact.com,0.885
3,politiken.dk,0.785
3,popsci.com,0.785
3,popularmechanics.com,0.845
3,popularscience.com,0.845
3,postcourier.com.pg,0.785
3,pravda.com.ua,0.785
3,premierleague.com,0.915
3,premiumtimesng.com,0.785
3,prensa.com,0.785
3,presstv.ir,0.865
3,primicias.ec,0.785
3,proceso.com,0.805
3,proceso.com.mx,0.785
3,propublica.org,0.815
3,prothomalo.com,0.785
3,protocol.com,0.825
3,publico.pt,0.785
3,pubmed.ncbi.nlm.nih.gov,0.895
3,punchng.com,0.785
3,quantamagazine.org,0.845
3,quora.com,0.165
3,radiotimes.com,0.815
3,rappler.com,0.785
3,rba.gov.au,0.945
3,rbi.org.in,0.945
3,rbnz.govt.nz,0.945
3,rcnradio.com,0.805
3,reason.com,0.815
3,record.com.mx,0.785
3,reddit.com,0.165
3,reforma.com,0.785
3,repubblica.it,0.785
3,republicworld.com,0.865
3,resbank.co.za,0.945
3,reuters.com,0.815
3,rfi.fr,0.915
3,ria.ru,0.785
3,riken.jp,0.915
3,rki.de,0.915
3,rmcsport.bfmtv.com,0.785
3,rnz.co.nz,0.785
3,rollingstone.com,0.845
3,rottentomatoes.com,0.845
3,rsi.ch,0.825
3,rtbf.be,0.825
3,rte.ie,0.785
3,rthk.hk,0.785
3,rtl.de,0.825
3,rtp.pt,0.785
3,rts.ch,0.825
3,rts.rs,0.785
3,rtve.es,0.785
3,rtvslo.si,0.785
3,rugbyworld.com,0.845
3,ruv.is,0.785
3,safa.net,0.915
3,saff.com.sa,0.915
3,saharareporters.com,0.825
3,sais.gov.in,0.945
3,salon.com,0.815
3,sama.gov.sa,0.945
3,sammobile.com,0.845
3,sammyfans.com,0.845
3,samsung.com,0.915
3,sansad.in,0.915
3,sante.gouv.fr,0.915
3,santepubliquefrance.fr,0.915
3,saudigazette.com.sa,0.815
3,sbs.com.au,0.785
3,science.org,0.785
3,sciencealert.com,0.845
3,sciencedaily.com,0.845
3,sciencemag.org,0.865
3,sciencenews.org,0.845
3,scientificamerican.com,0.785
3,scmp.com,0.785
3,screenrant.com,0.845
3,scroll.in,0.785
3,sebi.gov.in,0.945
3,sec.gov,0.945
3,securities-administrators.ca,0.945
3,seekingalpha.com,0.945
3,semana.com,0.805
3,semfor.com,0.815
3,senado.leg.br,0.915
3,senat.fr,0.915
3,senate.gov,0.915
3,seriea.com,0.915
3,seznamzpravy.cz,0.785
3,shugiin.go.jp,0.915
3,si.com,0.785
3,siliconangle.com,0.825
3,skyandtelescope.org,0.865
3,skynews.com,0.915
3,skysports.com,0.785
3,slate.com,0.815
3,smh.com.au,0.785
3,smithsonianmag.com,0.915
3,snb.ch,0.945
3,snoc.org.sg,0.915
3,snopes.com,0.885
3,socialstyrelsen.se,0.925
3,sowetanlive.co.za,0.785
3,space.com,0.785
3,space.gov.au,0.915
3,spaceflightnow.com,0.865
3,spacenews.com,0.915
3,spectator.sme.sk,0.785
3,spectrum.ieee.org,0.915
3,spiegel.de,0.785
3,sport.gov.in,0.945
3,sport1.de,0.785
3,sport24.co.za,0.785
3,sportingnews.com,0.915
3,sports.ndtv.com,0.845
3,sports.yahoo.com,0.915
3,sportsillustrated.com,0.915
3,sportskeeda.com,0.765
3,sportsmintmedia.com,0.785
3,sportsnet.ca,0.785
3,sportsstar.thehindu.com,0.845
3,sportstar.thehindu.com,0.785
3,sr.se,0.825
3,sta.si,0.785
3,standardmedia.co.ke,0.785
3,stanford.edu,0.865
3,state.gov,0.915
3,statnews.com,0.785
3,straitstimes.com,0.785
3,stuff.co.nz,0.785
3,substack.com,0.165
3,sueddeutsche.de,0.785
3,sumo.or.jp,0.915
3,sundaymail.co.zw,0.825
3,sundhed.dk,0.925
3,supersport.com,0.785
3,supremecourt.gov,0.945
3,supremecourt.gov.in,0.945
3,sverigesradio.se,0.785
3,svt.se,0.785
3,swarajyamag.com,0.865
3,swissinfo.ch,0.815
3,tagesschau.de,0.825
3,taipeitimes.com,0.785
3,taiwannews.com.tw,0.785
3,talksport.com,0.845
3,tap.info.tn,0.785
3,tasnimnews.com,0.865
3,tass.com,0.785
3,techcircle.in,0.895
3,techcrunch.com,0.785
3,techinasia.com,0.785
3,techmeme.com,0.825
3,technologyreview.com,0.915
3,techradar.com,0.785
3,techspot.com,0.845
3,telegraaf.nl,0.785
3,telegraph.co.uk,0.785
3,telegraphindia.com,0.785
3,telex.hu,0.785
3,tempo.co,0.785
3,thaipbsworld.com,0.785
3,the-aiff.com,0.915
3,the-star.co.ke,0.785
3,theage.com.au,0.785
3,theathletic.com,0.785
3,theatlantic.com,0.815
3,theaustralian.com.au,0.785
3,theblock.co,0.875
3,thebridge.in,0.785
3,thebusinessdesk.co.nz,0.815
3,thecfa.cn,0.915
3,thecitizen.co.tz,0.785
3,theconversation.com,0.845
3,thedailystar.net,0.785
3,thedrum.com,0.795
3,theeastafrican.co.ke,0.825
3,thefa.com,0.915
3,theglobeandmail.com,0.785
3,theguardian.com,0.785
3,thehill.com,0.815
3,thehimalayantimes.com,0.785
3,thehindu.com,0.785
3,thejakartapost.com,0.785
3,thelancet.com,0.895
3,thelocal.ch,0.785
3,themoscowtimes.com,0.785
3,thenational.com.pg,0.785
3,thenationalnews.com,0.785
3,thenews.com.pk,0.785
3,thenextweb.com,0.825
3,theprint.in,0.785
3,thequint.com,0.865
3,theregister.com,0.785
3,thereporterethiopia.com,0.785
3,theroar.com.au,0.785
3,thestar.com,0.785
3,thestar.com.my,0.785
3,thestreet.com,0.945
3,thetimes.com,0.785
3,theverge.com,0.785
3,thewrap.com,0.875
3,thisdaylive.com,0.825
3,thisismoney.co.uk,0.815
3,tiktok.com,0.245
3,timeslive.co.za,0.785
3,timesnownews.com,0.865
3,timesofindia.indiatimes.com,0.785
3,timesofisrael.com,0.785
3,tmz.com,0.845
3,today.lorientlejour.com,0.785
3,todayonline.com,0.785
3,tolonews.com,0.785
3,tomsguide.com,0.825
3,tomshardware.com,0.915
3,tradingview.com,0.875
3,trai.gov.in,0.915
3,treasury.gov,0.945
3,tribune.com.pk,0.785
3,tribuneindia.com,0.865
3,trtworld.com,0.785
3,trustedreviews.com,0.915
3,tse.jus.br,0.915
3,tsn.ca,0.785
3,tubefilter.com,0.795
3,tv2.dk,0.785
3,tvn-2.com,0.785
3,tvn24.pl,0.785
3,tvp.info,0.785
3,tycsports.com,0.845
3,u.ae,0.915
3,uaefa.ae,0.915
3,uefa.com,0.915
3,ukhsa.gov.uk,0.915
3,ukri.org,0.915
3,ukrinform.net,0.785
3,ultimahora.com,0.785
3,un.org,0.915
3,unesco.org,0.915
3,unicef.org,0.915
3,uproxx.com,0.765
3,usa.gov,0.945
3,usatoday.com,0.785
3,usgs.gov,0.865
3,usnews.com,0.815
3,usopc.org,0.945
3,ussoccer.com,0.915
3,valor.globo.com,0.815
3,vanguardngr.com,0.785
3,variety.com,0.815
3,vccircle.com,0.895
3,venturebeat.com,0.825
3,verywellhealth.com,0.845
3,vg.no,0.785
3,vietnamnews.vn,0.785
3,vietnamplus.vn,0.845
3,vnexpress.net,0.785
3,volkskrant.nl,0.785
3,vox.com,0.815
3,vrt.be,0.785
3,vulture.com,0.845
3,washingtonexaminer.com,0.815
3,washingtonpost.com,0.785
3,washingtontimes.com,0.815
3,webmd.com,0.845
3,whitehouse.gov,0.915
3,who.int,0.915
3,wimbledon.com,0.915
3,windowscentral.com,0.845
3,wired.co.uk,0.785
3,wired.com,0.785
3,wisden.com,0.845
3,wnba.com,0.915
3,world.kbs.co.kr,0.785
3,world.rugby,0.845
3,worldaquatics.com,0.945
3,worldathletics.org,0.915
3,worldbank.org,0.915
3,wrc.com,0.845
3,wsj.com,0.785
3,wtatennis.com,0.915
3,wto.org,0.915
3,wyborcza.pl,0.785
3,x.com,0.165
3,xda-developers.com,0.845
3,xinhua.net,0.845
3,xinhuanet.com,0.785
3,yahoo.com,0.915
3,yle.fi,0.785
3,ynetnews.com,0.785
3,yomiuri.co.jp,0.785
3,yourstory.com,0.895
3,youtube.com,0.245
3,zawya.com,0.815
3,zdnet.co.kr,0.785
3,zdnet.com,0.785
3,zeebiz.com,0.895
3,zeenews.india.com,0.865
3,zeit.de,0.785
4,01net.com,0.83
4,1news.co.nz,0.8
4,36kr.com,0.83
4,444.hu,0.8
4,90min.com,0.86
4,91mobiles.com,0.83
4,9to5google.com,0.89
4,9to5mac.com,0.96
4,aa.com.tr,0.88
4,abc.com.py,0.8
4,abc.es,0.8
4,abc.net.au,0.8
4,abcnews.go.com,0.8
4,addisstandard.com,0.8
4,adevarul.ro,0.8
4,admin.ch,0.93
4,adweek.com,0.78
4,aec.gov.au,0.93
4,afaqs.com,0.82
4,afl.com.au,0.93
4,afp.com,0.9
4,afr.com,0.8
4,africanews.com,0.84
4,aftenposten.no,0.8
4,agenciabrasil.ebc.com.br,0.8
4,agenda.ge,0.8
4,aiada.gov.in,0.96
4,aihw.gov.au,0.96
4,aljazeera.com,0.8
4,allafrica.com,0.84
4,amazon.com,0.96
4,ambito.com,0.82
4,amf-france.org,0.93
4,anadoluajansi.com,0.88
4,anandtech.com,0.96
4,androidauthority.com,0.96
4,androidpolice.com,0.96
4,animalpolitico.com,0.82
4,ansa.it,0.8
4,aph.gov.au,0.93
4,apnews.com,0.8
4,apple.com,0.96
4,aps.dz,0.8
4,ar.marca.com,0.82
4,arabianbusiness.com,0.8
4,arabnews.com,0.8
4,argentina.gob.ar,0.93
4,armenpress.am,0.8
4,arstechnica.com,0.83
4,arxiv.org,0.94
4,as.com,0.8
4,asahi.com,0.8
4,asc-csa.gc.ca,0.96
4,ascii.jp,0.83
4,asean.org,0.96
4,asia.nikkei.com,0.8
4,asianetnews.com,0.88
4,asic.gov.au,0.93
4,assemblee-nationale.fr,0.93
4,assembly.go.kr,0.93
4,astanatimes.com,0.8
4,astronomy.com,0.89
4,astronomy.org,0.89
4,atptour.com,0.93
4,australia.gov.au,0.93
4,avclub.com,0.83
4,axios.com,0.83
4,azertag.az,0.8
4,b92.net,0.8
4,bafin.de,0.93
4,bag.admin.ch,0.96
4,balkaninsight.com,0.82
4,bangkokpost.com,0.8
4,bankofcanada.ca,0.93
4,bankofengland.co.uk,0.93
4,bankrate.com,0.86
4,banque-france.fr,0.93
4,banxico.org.mx,0.93
4,barrons.com,0.93
4,barstoolsports.com,0.78
4,bbc.co.uk,0.84
4,bbc.com,0.8
4,bbc.com/sport,0.8
4,bcb.gov.br,0.93
4,bcci.tv,0.93
4,beebom.com,0.85
4,bernama.com,0.86
4,betakit.com,0.83
4,bfmbusiness.bfmtv.com,0.8
4,bild.de,0.8
4,billboard.com,0.83
4,biobiochile.cl,0.8
4,bis.gov.in,0.99
4,bleacherreport.com,0.8
4,bloomberg.com,0.8
4,bls.gov,0.96
4,bmj.com,0.94
4,bnnbloomberg.ca,0.8
4,bnr.bg,0.8
4,boj.or.jp,0.93
4,bok.or.kr,0.93
4,bollywoodhungama.com,0.8
4,boxofficepro.com,0.86
4,bundesbank.de,0.93
4,bundesgesundheitsministerium.de,0.96
4,bundesliga.com,0.93
4,bundesregierung.de,0.93
4,bundestag.de,0.93
4,bundeswahlleiterin.de,0.93
4,business-standard.com,0.8
4,businessinsider.com,0.93
4,businessline.global,0.88
4,businessline.in,0.88
4,businesslive.co.za,0.8
4,businesstimes.com.sg,0.8
4,businesstoday.in,0.82
4,businessweek.com,0.93
4,caixinglobal.com,0.8
4,camara.leg.br,0.93
4,campaignlive.co.uk,0.78
4,canada.ca,0.96
4,canadasoccer.com,0.93
4,caracoltv.com,0.82
4,cas.cn,0.96
4,cbc.ca,0.8
4,cbf.com.br,0.93
4,cbsnews.com,0.8
4,cbssports.com,0.8
4,cdc.gov,0.96
4,cdsco.gov.in,0.99
4,cell.com,0.94
4,census.gov,0.96
4,centralbank.ae,0.93
4,cern.ch,0.96
4,cgtn.com,0.8
4,channelnewsasia.com,0.8
4,chinadaily.com.cn,0.8
4,chinadailyhk.com,0.86
4,christianitytoday.com,0.83
4,citinewsroom.com,0.8
4,citizen.co.za,0.84
4,cityam.com,0.8
4,civil.ge,0.8
4,civilnet.am,0.8
4,clarin.com,0.8
4,clevelandclinic.org,0.91
4,clinicaltrials.gov,0.94
4,cma.org.sa,0.93
4,cnbc.com,0.8
4,cnbctv18.com,0.88
4,cnes.fr,0.96
4,cnet.com,0.83
4,cnn.com,0.8
4,cnrs.fr,0.96
4,cnsa.gov.cn,0.96
4,cochranelibrary.com,0.94
4,coindesk.com,0.86
4,cointelegraph.com,0.86
4,collider.com,0.83
4,computerweekly.com,0.83
4,computerworld.com,0.96
4,congress.gov,0.93
4,corriere.it,0.8
4,corrieredellosport.it,0.86
4,crhoy.com,0.8
4,cricbuzz.com,0.8
4,cricket.co.za,0.93
4,cricket.com,0.93
4,cricket.com.au,0.93
4,cricket365.com,0.86
4,cricketnext.com,0.86
4,crictracker.com,0.8
4,cronista.com,0.82
4,csir.res.in,0.99
4,csiro.au,0.96
4,csmonitor.com,0.83
4,csrc.gov.cn,0.93
4,ct24.ceskatelevize.cz,0.8
4,ctvnews.ca,0.8
4,daily-mail.co.zm,0.8
4,dailymaverick.co.za,0.8
4,dailymirror.lk,0.8
4,dailynews.co.tz,0.8
4,dailynews.gov.bw,0.84
4,dailynews.lk,0.8
4,dailysabah.com,0.8
4,dailytrust.com,0.84
4,darpa.mil,0.98
4,dawn.com,0.8
4,dbtindia.gov.in,0.99
4,deadline.com,0.8
4,deadspin.com,0.78
4,deccanherald.com,0.8
4,decrypt.co,0.86
4,deeutschewelle.de,0.93
4,defense.gov,0.96
4,derstandard.at,0.8
4,destandaard.be,0.8
4,dfb.de,0.93
4,dhakatribune.com,0.8
4,diepresse.com,0.8
4,digi24.ro,0.8
4,digiday.com,0.78
4,digit.in,0.83
4,digitaltrends.com,0.87
4,diputados.gob.mx,0.93
4,dlr.de,0.96
4,dn.se,0.8
4,dohanews.co,0.8
4,dr.dk,0.8
4,dst.gov.in,0.96
4,dw.com,0.8
4,earthsky.org,0.89
4,ecb.europa.eu,0.96
4,ecdc.europa.eu,0.97
4,eci.gov.in,0.93
4,economictimes.indiatimes.com,0.8
4,economist.com,0.93
4,eda.admin.ch,0.93
4,egyptindependent.com,0.8
4,ekathimerini.com,0.8
4,elcolombiano.com,0.82
4,elcomercio.com.br,0.82
4,elcomercio.pe,0.8
4,eld.gov.sg,0.93
4,elections.ca,0.93
4,elections.gov,0.96
4,elections.nz,0.93
4,elections.org.za,0.93
4,electoralcommission.org.uk,0.93
4,elespectador.com,0.8
4,elfinanciero.com.mx,0.8
4,elmundo.es,0.8
4,elpais.com,0.8
4,elpais.com.uy,0.8
4,eltiempo.com,0.8
4,eluniversal.com.mx,0.8
4,eluniverso.com,0.8
4,ema.europa.eu,0.97
4,emol.com,0.8
4,empireonline.com,0.8
4,en.yna.co.kr,0.8
4,energy.gov,0.91
4,eng.lsm.lv,0.8
4,engadget.com,0.83
4,english.ahram.org.eg,0.8
4,english.alarabiya.net,0.8
4,entrackr.com,0.88
4,entrepreneur.com,0.93
4,err.ee,0.8
4,ertnews.gr,0.8
4,esa.int,0.96
4,eso.org,0.96
4,espn.com,0.8
4,espn.com.br,0.8
4,espn.com.mx,0.8
4,espn.in,0.8
4,espncricinfo.com,0.8
4,essentiallysports.com,0.78
4,estadao.com.br,0.8
4,etnews.com,0.83
4,etonline.com,0.83
4,euobserver.com,0.82
4,euractiv.com,0.82
4,eurekalert.org,0.89
4,euronews.com,0.8
4,europa.eu,0.96
4,europarl.europa.eu,0.96
4,eurosport.com,0.8
4,everydayhealth.com,0.89
4,ew.com,0.8
4,excelsior.com.mx,0.8
4,exchange4media.com,0.88
4,expansion.mx,0.8
4,facebook.com,0.18
4,factcheck.org,0.9
4,fansided.com,0.78
4,fastcompany.com,0.93
4,faz.net,0.8
4,fca.org.uk,0.93
4,fda.gov,0.96
4,fec.gov,0.93
4,federalreserve.gov,0.93
4,fff.fr,0.93
4,fide.com,0.96
4,fifa.com,0.93
4,fijisun.com.fj,0.8
4,fijitimes.com.fj,0.8
4,filmcompanion.in,0.8
4,financialchronicle.com,0.88
4,financialexpress.com,0.88
4,financialpost.com,0.8
4,finews.com,0.8
4,finma.ch,0.93
4,finmin.gov.in,0.93
4,finra.org,0.96
4,firstpost.com,0.83
4,firstsportz.com,0.8
4,fmf.mx,0.93
4,focustaiwan.tw,0.8
4,folha.uol.com.br,0.8
4,fool.com,0.93
4,football365.com,0.86
4,footballaustralia.com.au,0.93
4,forbes.com,0.8
4,foreignaffairs.com,0.83
4,foreignpolicy.com,0.83
4,formula1.com,0.93
4,fortune.com,0.8
4,fortuneindia.com,0.82
4,fourfourtwo.com,0.86
4,foxnews.com,0.8
4,foxsports.com,0.93
4,foxsports.com.au,0.8
4,france24.com,0.8
4,fsa.go.jp,0.93
4,fsc.go.kr,0.93
4,fsca.co.za,0.93
4,ft.com,0.8
4,fullfact.org,0.9
4,futurism.com,0.89
4,fxstreet.com,0.86
4,g1.globo.com,0.8
4,gadgets360.com,0.83
4,gavi.org,0.96
4,gazeta.uz,0.8
4,gazzetta.it,0.8
4,ge.globo.com,0.8
4,geo.tv,0.8
4,gestion.pe,0.82
4,ghanaweb.com,0.84
4,gizmodo.com,0.83
4,globalaffairs.ca,0.93
4,globalnews.ca,0.8
4,globaltimes.cn,0.8
4,globeandmail.com,0.93
4,gmanetwork.com,0.8
4,goal.com,0.86
4,gob.cl,0.93
4,gob.ec,0.93
4,gob.mx,0.93
4,gob.mx/cnbv,0.93
4,gob.mx/salud,0.96
4,gob.pe,0.93
4,golem.de,0.83
4,google.com,0.96
4,gouvernement.fr,0.93
4,gov.au,0.93
4,gov.br,0.93
4,gov.br/cvm,0.93
4,gov.br/saude,0.96
4,gov.cn,0.93
4,gov.co,0.93
4,gov.gh,0.93
4,gov.in,0.96
4,gov.ke,0.93
4,gov.ng,0.93
4,gov.sa,0.93
4,gov.sg,0.93
4,gov.uk,0.93
4,gov.za,0.93
4,govt.nz,0.93
4,graphic.com.gh,0.8
4,gsmarena.com,0.96
4,guardian.co.tt,0.8
4,guardian.ng,0.8
4,gulf-times.com,0.8
4,gulfbusiness.com,0.8
4,gulfnews.com,0.8
4,haaretz.com,0.8
4,handelsblatt.com,0.8
4,harvard.edu,0.91
4,hbr.org,0.93
4,health.com,0.89
4,health.gov.au,0.96
4,health.gov.za,0.96
4,health.govt.nz,0.96
4,healthline.com,0.83
4,heise.de,0.83
4,herald.co.zw,0.8
4,hindustantimes.com,0.8
4,hockeycanada.ca,0.93
4,hockeyindia.org,0.93
4,hollywood.com,0.86
4,hollywoodreporter.com,0.8
4,hongkongfp.com,0.8
4,hopkinsmedicine.org,0.91
4,hotnews.ro,0.8
4,house.gov,0.93
4,howtogeek.com,0.96
4,hrt.hr,0.8
4,hs.fi,0.8
4,hurriyetdailynews.com,0.8
4,iaea.org,0.96
4,icar.gov.in,0.99
4,icc-cricket.com,0.93
4,icelandreview.com,0.8
4,icmr.gov.in,0.96
4,idnes.cz,0.8
4,ieee.org,0.96
4,imdb.com,0.83
4,imf.org,0.93
4,inc.com,0.93
4,inc42.com,0.88
4,incometax.gov.in,0.96
4,independent.co.uk,0.8
4,independent.ie,0.8
4,index.hu,0.8
4,india.gov.in,0.93
4,indiacode.nic.in,0.96
4,indianexpress.com,0.8
4,indiaretailing.com,0.82
4,indiatoday.in,0.8
4,indiewire.com,0.83
4,indycar.com,0.86
4,ine.mx,0.93
4,infobae.com,0.82
4,infomoney.com.br,0.8
4,inform.kz,0.8
4,innovationaus.com,0.83
4,inquirer.net,0.8
4,insidesport.in,0.8
4,instagram.com,0.23
4,intellinews.com,0.82
4,interest.co.nz,0.8
4,investopedia.com,0.93
4,iol.co.za,0.8
4,iranintl.com,0.88
4,ird.gov.in,0.96
4,irishexaminer.com,0.84
4,irishtimes.com,0.8
4,irna.ir,0.88
4,isro.gov.in,0.96
4,itmedia.co.jp,0.83
4,itnews.com.au,0.83
4,jakartaglobe.id,0.86
4,jakartapost.com,0.86
4,jamaica-gleaner.com,0.8
4,jamaicaobserver.com,0.8
4,japan.go.jp,0.93
4,japantimes.co.jp,0.8
4,japantoday.com,0.93
4,jaxa.jp,0.96
4,jfa.jp,0.93
4,jordantimes.com,0.8
4,jornada.com.mx,0.82
4,jpl.nasa.gov,0.98
4,jpost.com,0.8
4,justice.gov,0.96
4,jutarnji.hr,0.8
4,kari.re.kr,0.96
4,kathmandupost.com,0.8
4,kdca.go.kr,0.96
4,kedglobal.com,0.8
4,khaleejtimes.com,0.8
4,khan.co.kr,0.93
4,khelnow.com,0.8
4,kicker.de,0.8
4,kiplinger.com,0.86
4,kompas.com,0.8
4,korea.net,0.93
4,koreaherald.com,0.8
4,koreajoongangdaily.joins.com,0.8
4,koreatimes.co.kr,0.8
4,kr-asia.com,0.83
4,kun.uz,0.8
4,kyivindependent.com,0.8
4,kyivpost.com,0.82
4,kyodonews.net,0.8
4,l'equipe.fr,0.86
4,laliga.com,0.93
4,lanacion.com.ar,0.8
4,laptopmag.com,0.87
4,larepublica.co,0.82
4,larepublica.pe,0.8
4,lastampa.it,0.8
4,latercera.com,0.8
4,lavanguardia.com,0.8
4,lefigaro.fr,0.8
4,lematin.ma,0.8
4,lemonde.fr,0.8
4,lequipe.fr,0.8
4,lesechos.fr,0.8
4,lesoir.be,0.8
4,lexpress.mu,0.8
4,lg.com,0.96
4,liberation.fr,0.8
4,ligue1.com,0.93
4,livemint.com,0.8
4,livescience.com,0.83
4,loc.gov,0.96
4,local10.com,0.83
4,lostiempos.com,0.8
4,lrt.lt,0.8
4,lusakatimes.com,0.8
4,macrumors.com,0.96
4,main.sci.gov.in,0.99
4,mainichi.jp,0.8
4,malaymail.com,0.8
4,manager-magazin.de,0.8
4,manilatimes.net,0.86
4,manoramaonline.com,0.88
4,marca.com,0.8
4,marketscreener.com,0.86
4,marketwatch.com,0.8
4,mas.gov.sg,0.93
4,mashable.com,0.87
4,mathrubhumi.com,0.88
4,mayoclinic.org,0.91
4,mca.gov.in,0.96
4,mea.gov.in,0.93
4,medianama.com,0.88
4,medicalnewstoday.com,0.83
4,medicalxpress.com,0.83
4,medium.com,0.18
4,meity.gov.in,0.96
4,meta.com,0.96
4,metacritic.com,0.83
4,metoffice.gov.uk,0.96
4,mexico.gob.mx,0.93
4,mfa.gov.cn,0.93
4,mg.co.za,0.8
4,mhlw.go.jp,0.96
4,microsoft.com,0.96
4,middleeasteye.net,0.86
4,middleeastmonitor.com,0.86
4,milenio.com,0.8
4,mit.edu,0.91
4,mk.co.kr,0.8
4,mlb.com,0.93
4,mlssoccer.com,0.93
4,mobilesyrup.com,0.83
4,mofa.go.jp,0.93
4,mofa.gov.ae,0.93
4,mofa.gov.sa,0.93
4,moh.gov.sa,0.96
4,moh.gov.sg,0.96
4,mohap.gov.ae,0.96
4,mohfw.gov.in,0.96
4,money9.com,0.88
4,moneycontrol.com,0.8
4,moneyweb.co.za,0.8
4,monitor.co.ug,0.8
4,montevideo.com.uy,0.8
4,montsame.mn,0.8
4,morningstar.com,0.93
4,moroccoworldnews.com,0.8
4,motherjones.com,0.83
4,mothership.sg,0.83
4,motogp.com,0.93
4,mpg.de,0.96
4,mundodeportivo.com,0.86
4,musicbusinessworldwide.com,0.86
4,mygov.in,0.96
4,myjoyonline.com,0.84
4,mykhel.com,0.8
4,n-tv.de,0.84
4,nacion.com,0.8
4,nasa.gov,0.96
4,nasaspaceflight.com,0.89
4,nascar.com,0.86
4,nasdaq.com,0.86
4,nation.africa,0.8
4,nationalgeographic.com,0.96
4,nationalpost.com,0.8
4,nationalreview.com,0.83
4,nationthailand.com,0.86
4,nato.int,0.96
4,nature.com,0.83
4,natureasia.com,0.89
4,nba.com,0.93
4,nbcnews.com,0.8
4,nbcsports.com,0.93
4,ncaa.org,0.93
4,ncbi.nlm.nih.gov,0.94
4,ndtv.com,0.8
4,nejm.org,0.94
4,nerdwallet.com,0.86
4,newatlas.com,0.91
4,newindianexpress.com,0.88
4,newrepublic.com,0.83
4,news.abs-cbn.com,0.8
4,news.com.au,0.8
4,news.sky.com,0.8
4,news18.com,0.8
4,news24.com,0.8
4,newschannel5.com,0.83
4,newscientist.com,0.83
4,newsday.co.zw,0.8
4,newsfirst.lk,0.8
4,newshub.co.nz,0.8
4,newvision.co.ug,0.8
4,newyorker.com,0.83
4,nfl.com,0.93
4,nhc.gov.cn,0.96
4,nhk.or.jp,0.8
4,nhl.com,0.93
4,nhs.uk,0.96
4,nice.org.uk,0.97
4,nih.gov,0.96
4,nikkei.com,0.93
4,nist.gov,0.98
4,nme.com,0.8
4,noaa.gov,0.96
4,nos.nl,0.8
4,notebookcheck.net,0.87
4,novinite.com,0.8
4,npc.gov.cn,0.93
4,npr.org,0.8
4,nrc.canada.ca,0.96
4,nrc.nl,0.8
4,nrk.no,0.8
4,nsf.gov,0.96
4,nst.com.my,0.8
4,numerama.com,0.83
4,nyse.com,0.86
4,nytimes.com,0.8
4,nzc.nz,0.93
4,nzherald.co.nz,0.8
4,nzrugby.co.nz,0.93
4,observador.pt,0.8
4,oecd.org,0.96
4,oglobo.globo.com,0.8
4,ole.com.ar,0.8
4,olympic.ind.in,0.96
4,olympics.com,0.93
4,olympics.org,0.93
4,onmanorama.com,0.88
4,orf.at,0.8
4,ourcommons.ca,0.93
4,outlookbusiness.com,0.82
4,outlookindia.com,0.88
4,pagina12.com.ar,0.8
4,paginasiete.bo,0.8
4,pajhwok.com,0.8
4,parliament.gov.sg,0.93
4,parliament.gov.za,0.93
4,parliament.nz,0.93
4,parliament.uk,0.93
4,pbc.gov.cn,0.93
4,pbs.org,0.93
4,pcmag.com,0.96
4,pcworld.com,0.96
4,people.cn,0.86
4,people.com,0.83
4,perfil.com,0.82
4,peru21.pe,0.82
4,pfrda.org.in,0.96
4,pgatour.com,0.93
4,philstar.com,0.86
4,phys.org,0.91
4,pib.gov.in,0.96
4,pinkvilla.com,0.8
4,pitchfork.com,0.83
4,pm.gc.ca,0.96
4,pnas.org,0.94
4,politico.com,0.93
4,politico.eu,0.93
4,politifact.com,0.9
4,politiken.dk,0.8
4,popsci.com,0.83
4,popularmechanics.com,0.89
4,popularscience.com,0.89
4,postcourier.com.pg,0.8
4,pravda.com.ua,0.8
4,premierleague.com,0.93
4,premiumtimesng.com,0.8
4,prensa.com,0.8
4,presstv.ir,0.88
4,primicias.ec,0.8
4,proceso.com,0.82
4,proceso.com.mx,0.8
4,propublica.org,0.83
4,prothomalo.com,0.8
4,protocol.com,0.87
4,publico.pt,0.8
4,pubmed.ncbi.nlm.nih.gov,0.94
4,punchng.com,0.8
4,quantamagazine.org,0.89
4,quora.com,0.18
4,radiotimes.com,0.8
4,rappler.com,0.8
4,rba.gov.au,0.93
4,rbi.org.in,0.93
4,rbnz.govt.nz,0.93
4,rcnradio.com,0.82
4,reason.com,0.83
4,record.com.mx,0.8
4,reddit.com,0.18
4,reforma.com,0.8
4,repubblica.it,0.8
4,republicworld.com,0.88
4,resbank.co.za,0.93
4,reuters.com,0.8
4,rfi.fr,0.93
4,ria.ru,0.8
4,riken.jp,0.96
4,rki.de,0.96
4,rmcsport.bfmtv.com,0.8
4,rnz.co.nz,0.8
4,rollingstone.com,0.83
4,rottentomatoes.com,0.83
4,rsi.ch,0.84
4,rtbf.be,0.84
4,rte.ie,0.8
4,rthk.hk,0.8
4,rtl.de,0.84
4,rtp.pt,0.8
4,rts.ch,0.84
4,rts.rs,0.8
4,rtve.es,0.8
4,rtvslo.si,0.8
4,rugbyworld.com,0.86
4,ruv.is,0.8
4,safa.net,0.93
4,saff.com.sa,0.93
4,saharareporters.com,0.84
4,sais.gov.in,0.96
4,salon.com,0.83
4,sama.gov.sa,0.93
4,sammobile.com,0.89
4,sammyfans.com,0.89
4,samsung.com,0.96
4,sansad.in,0.93
4,sante.gouv.fr,0.96
4,santepubliquefrance.fr,0.96
4,saudigazette.com.sa,0.8
4,sbs.com.au,0.8
4,science.org,0.83
4,sciencealert.com,0.89
4,sciencedaily.com,0.89
4,sciencemag.org,0.91
4,sciencenews.org,0.89
4,scientificamerican.com,0.83
4,scmp.com,0.8
4,screenrant.com,0.83
4,scroll.in,0.8
4,sebi.gov.in,0.93
4,sec.gov,0.93
4,securities-administrators.ca,0.93
4,seekingalpha.com,0.93
4,semana.com,0.82
4,semfor.com,0.83
4,senado.leg.br,0.93
4,senat.fr,0.93
4,senate.gov,0.93
4,seriea.com,0.93
4,seznamzpravy.cz,0.8
4,shugiin.go.jp,0.93
4,si.com,0.8
4,siliconangle.com,0.87
4,skyandtelescope.org,0.91
4,skynews.com,0.93
4,skysports.com,0.8
4,slate.com,0.83
4,smh.com.au,0.8
4,smithsonianmag.com,0.96
4,snb.ch,0.93
4,snoc.org.sg,0.93
4,snopes.com,0.9
4,socialstyrelsen.se,0.97
4,sowetanlive.co.za,0.8
4,space.com,0.83
4,space.gov.au,0.96
4,spaceflightnow.com,0.91
4,spacenews.com,0.96
4,spectator.sme.sk,0.8
4,spectrum.ieee.org,0.96
4,spiegel.de,0.8
4,sport.gov.in,0.96
4,sport1.de,0.8
4,sport24.co.za,0.8
4,sportingnews.com,0.93
4,sports.ndtv.com,0.86
4,sports.yahoo.com,0.93
4,sportsillustrated.com,0.93
4,sportskeeda.com,0.78
4,sportsmintmedia.com,0.8
4,sportsnet.ca,0.8
4,sportsstar.thehindu.com,0.86
4,sportstar.thehindu.com,0.8
4,sr.se,0.84
4,sta.si,0.8
4,standardmedia.co.ke,0.8
4,stanford.edu,0.91
4,state.gov,0.93
4,statnews.com,0.83
4,straitstimes.com,0.8
4,stuff.co.nz,0.8
4,substack.com,0.18
4,sueddeutsche.de,0.8
4,sumo.or.jp,0.93
4,sundaymail.co.zw,0.84
4,sundhed.dk,0.97
4,supersport.com,0.8
4,supremecourt.gov,0.96
4,supremecourt.gov.in,0.96
4,sverigesradio.se,0.8
4,svt.se,0.8
4,swarajyamag.com,0.88
4,swissinfo.ch,0.8
4,tagesschau.de,0.84
4,taipeitimes.com,0.8
4,taiwannews.com.tw,0.8
4,talksport.com,0.86
4,tap.info.tn,0.8
4,tasnimnews.com,0.88
4,tass.com,0.8
4,techcircle.in,0.88
4,techcrunch.com,0.83
4,techinasia.com,0.83
4,techmeme.com,0.87
4,technologyreview.com,0.96
4,techradar.com,0.83
4,techspot.com,0.89
4,telegraaf.nl,0.8
4,telegraph.co.uk,0.8
4,telegraphindia.com,0.8
4,telex.hu,0.8
4,tempo.co,0.8
4,thaipbsworld.com,0.8
4,the-aiff.com,0.93
4,the-star.co.ke,0.8
4,theage.com.au,0.8
4,theathletic.com,0.8
4,theatlantic.com,0.83
4,theaustralian.com.au,0.8
4,theblock.co,0.86
4,thebridge.in,0.8
4,thebusinessdesk.co.nz,0.8
4,thecfa.cn,0.93
4,thecitizen.co.tz,0.8
4,theconversation.com,0.89
4,thedailystar.net,0.8
4,thedrum.com,0.78
4,theeastafrican.co.ke,0.84
4,thefa.com,0.93
4,theglobeandmail.com,0.8
4,theguardian.com,0.8
4,thehill.com,0.83
4,thehimalayantimes.com,0.8
4,thehindu.com,0.8
4,thejakartapost.com,0.8
4,thelancet.com,0.94
4,thelocal.ch,0.8
4,themoscowtimes.com,0.8
4,thenational.com.pg,0.8
4,thenationalnews.com,0.8
4,thenews.com.pk,0.8
4,thenextweb.com,0.87
4,theprint.in,0.8
4,thequint.com,0.88
4,theregister.com,0.83
4,thereporterethiopia.com,0.8
4,theroar.com.au,0.8
4,thestar.com,0.8
4,thestar.com.my,0.8
4,thestreet.com,0.93
4,thetimes.com,0.8
4,theverge.com,0.83
4,thewrap.com,0.86
4,thisdaylive.com,0.84
4,thisismoney.co.uk,0.8
4,tiktok.com,0.23
4,timeslive.co.za,0.8
4,timesnownews.com,0.88
4,timesofindia.indiatimes.com,0.8
4,timesofisrael.com,0.8
4,tmz.com,0.83
4,today.lorientlejour.com,0.8
4,todayonline.com,0.8
4,tolonews.com,0.8
4,tomsguide.com,0.87
4,tomshardware.com,0.96
4,tradingview.com,0.86
4,trai.gov.in,0.96
4,treasury.gov,0.93
4,tribune.com.pk,0.8
4,tribuneindia.com,0.88
4,trtworld.com,0.8
4,trustedreviews.com,0.96
4,tse.jus.br,0.93
4,tsn.ca,0.8
4,tubefilter.com,0.78
4,tv2.dk,0.8
4,tvn-2.com,0.8
4,tvn24.pl,0.8
4,tvp.info,0.8
4,tycsports.com,0.86
4,u.ae,0.93
4,uaefa.ae,0.93
4,uefa.com,0.93
4,ukhsa.gov.uk,0.96
4,ukri.org,0.96
4,ukrinform.net,0.8
4,ultimahora.com,0.8
4,un.org,0.93
4,unesco.org,0.93
4,unicef.org,0.93
4,uproxx.com,0.78
4,usa.gov,0.96
4,usatoday.com,0.8
4,usgs.gov,0.91
4,usnews.com,0.83
4,usopc.org,0.96
4,ussoccer.com,0.93
4,valor.globo.com,0.8
4,vanguardngr.com,0.8
4,variety.com,0.8
4,vccircle.com,0.88
4,venturebeat.com,0.87
4,verywellhealth.com,0.89
4,vg.no,0.8
4,vietnamnews.vn,0.8
4,vietnamplus.vn,0.86
4,vnexpress.net,0.8
4,volkskrant.nl,0.8
4,vox.com,0.83
4,vrt.be,0.8
4,vulture.com,0.83
4,washingtonexaminer.com,0.83
4,washingtonpost.com,0.8
4,washingtontimes.com,0.83
4,webmd.com,0.89
4,whitehouse.gov,0.93
4,who.int,0.96
4,wimbledon.com,0.93
4,windowscentral.com,0.89
4,wired.co.uk,0.83
4,wired.com,0.83
4,wisden.com,0.86
4,wnba.com,0.93
4,world.kbs.co.kr,0.8
4,world.rugby,0.86
4,worldaquatics.com,0.96
4,worldathletics.org,0.93
4,worldbank.org,0.93
4,wrc.com,0.86
4,wsj.com,0.8
4,wtatennis.com,0.93
4,wto.org,0.93
4,wyborcza.pl,0.8
4,x.com,0.18
4,xda-developers.com,0.89
4,xinhua.net,0.86
4,xinhuanet.com,0.8
4,yahoo.com,0.93
4,yle.fi,0.8
4,ynetnews.com,0.8
4,yomiuri.co.jp,0.8
4,yourstory.com,0.88
4,youtube.com,0.23
4,zawya.com,0.8
4,zdnet.co.kr,0.83
4,zdnet.com,0.83
4,zeebiz.com,0.88
4,zeenews.india.com,0.88
4,zeit.de,0.8
